name,trainer,Analytic_W1,Independent_W1,Determined_W1,Professional_W1,Studious_W1,Imaginative_W1,Analytic_W2,Independent_W2,Determined_W2,Professional_W2,Studious_W2,Imaginative_W2,Analytic_W3,Independent_W3,Determined_W3,Professional_W3,Studious_W3,Imaginative_W3,Analytic_W4,Independent_W4,Determined_W4,Professional_W4,Studious_W4,Imaginative_W4,Analytic_W5,Independent_W5,Determined_W5,Professional_W5,Studious_W5,Imaginative_W5,Analytic_W6,Independent_W6,Determined_W6,Professional_W6,Studious_W6,Imaginative_W6,Analytic_W7,Independent_W7,Determined_W7,Professional_W7,Studious_W7,Imaginative_W7,Analytic_W8,Independent_W8,Determined_W8,Professional_W8,Studious_W8,Imaginative_W8,course,date,Analytic_W9,Independent_W9,Determined_W9,Professional_W9,Studious_W9,Imaginative_W9,Analytic_W10,Independent_W10,Determined_W10,Professional_W10,Studious_W10,Imaginative_W10
Quintus Penella,Gregor Gomez,1,2,2,1,2,2,,,,,,,,,,,,,,,,,,,,,,,,,,,,,,,,,,,,,,,,,,,Business 20,2019-02-11,,,,,,,,,,,,
Simon Murrey,Gregor Gomez,6,1,1,2,4,2,3.0,1.0,3.0,2.0,1.0,1.0,,,,,,,,,,,,,,,,,,,,,,,,,,,,,,,,,,,,,Business 20,2019-02-11,,,,,,,,,,,,
Gustaf Lude,Gregor Gomez,6,4,1,1,2,3,1.0,1.0,1.0,2.0,1.0,6.0,6.0,2.0,2.0,3.0,3.0,2.0,5.0,1.0,3.0,7.0,6.0,2.0,6.0,8.0,4.0,8.0,1.0,8.0,7.0,3.0,5.0,8.0,8.0,7.0,8.0,5.0,8.0,8.0,8.0,6.0,8.0,7.0,8.0,8.0,7.0,8.0,Business 20,2019-02-11,,,,,,,,,,,,
Yolanda Fosse,Gregor Gomez,2,1,2,3,3,3,4.0,2.0,1.0,3.0,3.0,7.0,3.0,5.0,3.0,1.0,3.0,3.0,2.0,8.0,1.0,8.0,5.0,5.0,2.0,1.0,8.0,5.0,6.0,5.0,7.0,6.0,5.0,7.0,8.0,2.0,8.0,6.0,8.0,7.0,8.0,8.0,8.0,8.0,7.0,8.0,7.0,5.0,Business 20,2019-02-11,,,,,,,,,,,,
Lynnett Swin,Gregor Gomez,2,2,4,5,1,2,3.0,2.0,5.0,3.0,1.0,1.0,3.0,2.0,3.0,4.0,4.0,2.0,8.0,6.0,8.0,2.0,4.0,8.0,6.0,2.0,8.0,8.0,8.0,5.0,7.0,5.0,5.0,5.0,5.0,8.0,8.0,7.0,7.0,8.0,8.0,8.0,8.0,7.0,8.0,8.0,8.0,8.0,Business 20,2019-02-11,,,,,,,,,,,,
Bart Godilington,Gregor Gomez,3,6,1,5,4,1,2.0,1.0,2.0,5.0,3.0,2.0,1.0,3.0,2.0,1.0,1.0,4.0,3.0,3.0,7.0,3.0,6.0,5.0,6.0,3.0,4.0,7.0,6.0,6.0,6.0,8.0,8.0,6.0,8.0,7.0,7.0,8.0,6.0,8.0,8.0,7.0,7.0,7.0,8.0,6.0,7.0,8.0,Business 20,2019-02-11,,,,,,,,,,,,
Deni Roust,Gregor Gomez,6,3,1,4,4,2,7.0,2.0,3.0,1.0,1.0,1.0,1.0,2.0,2.0,1.0,4.0,5.0,4.0,6.0,6.0,6.0,8.0,6.0,4.0,2.0,7.0,6.0,4.0,2.0,4.0,3.0,8.0,7.0,4.0,5.0,7.0,8.0,8.0,8.0,7.0,7.0,7.0,8.0,8.0,8.0,8.0,8.0,Business 20,2019-02-11,,,,,,,,,,,,
Gerhard Mcgrath,Gregor Gomez,2,3,3,4,1,1,3.0,6.0,2.0,1.0,4.0,3.0,3.0,4.0,1.0,5.0,3.0,3.0,3.0,8.0,1.0,4.0,6.0,7.0,5.0,6.0,7.0,6.0,7.0,8.0,2.0,8.0,8.0,4.0,5.0,3.0,8.0,8.0,8.0,4.0,8.0,8.0,8.0,8.0,7.0,8.0,7.0,8.0,Business 20,2019-02-11,,,,,,,,,,,,
Benedick Arnhold,Bruce Lugo,5,4,1,2,3,3,7.0,6.0,3.0,3.0,4.0,3.0,4.0,6.0,3.0,1.0,3.0,2.0,3.0,7.0,4.0,7.0,5.0,7.0,8.0,8.0,7.0,3.0,3.0,3.0,7.0,8.0,5.0,4.0,5.0,1.0,8.0,8.0,8.0,8.0,3.0,8.0,7.0,8.0,8.0,8.0,8.0,8.0,Business 21,2019-03-18,,,,,,,,,,,,
Herminia Brettel,Bruce Lugo,5,3,2,3,3,1,4.0,2.0,1.0,1.0,5.0,3.0,4.0,6.0,2.0,4.0,5.0,2.0,5.0,4.0,2.0,3.0,7.0,8.0,8.0,8.0,7.0,8.0,4.0,8.0,5.0,8.0,6.0,4.0,6.0,8.0,7.0,8.0,8.0,8.0,6.0,8.0,4.0,7.0,8.0,8.0,8.0,8.0,Business 21,2019-03-18,,,,,,,,,,,,
Nicolai Nussey,Bruce Lugo,4,1,5,2,2,3,2.0,4.0,2.0,6.0,5.0,3.0,3.0,1.0,1.0,2.0,2.0,3.0,8.0,8.0,7.0,8.0,3.0,5.0,5.0,4.0,8.0,8.0,8.0,7.0,8.0,8.0,8.0,4.0,4.0,4.0,8.0,7.0,8.0,8.0,8.0,8.0,8.0,6.0,8.0,5.0,5.0,5.0,Business 21,2019-03-18,,,,,,,,,,,,
Elora Ellen,Bruce Lugo,3,2,3,4,3,3,2.0,4.0,2.0,4.0,1.0,1.0,2.0,3.0,4.0,3.0,3.0,3.0,3.0,5.0,4.0,6.0,5.0,4.0,6.0,6.0,4.0,8.0,7.0,7.0,7.0,6.0,8.0,4.0,7.0,3.0,8.0,5.0,7.0,8.0,8.0,8.0,8.0,8.0,4.0,7.0,8.0,7.0,Business 21,2019-03-18,,,,,,,,,,,,
Llywellyn Hoggins,Bruce Lugo,1,3,2,2,3,3,4.0,2.0,2.0,4.0,3.0,2.0,4.0,2.0,1.0,1.0,2.0,1.0,,,,,,,,,,,,,,,,,,,,,,,,,,,,,,,Business 21,2019-03-18,,,,,,,,,,,,
Bobbye Hains,Bruce Lugo,3,4,4,1,1,5,3.0,2.0,1.0,3.0,3.0,3.0,4.0,2.0,2.0,2.0,2.0,4.0,5.0,8.0,6.0,8.0,5.0,4.0,4.0,5.0,7.0,8.0,3.0,6.0,8.0,5.0,5.0,8.0,7.0,8.0,7.0,6.0,8.0,8.0,7.0,7.0,8.0,8.0,7.0,4.0,6.0,8.0,Business 21,2019-03-18,,,,,,,,,,,,
Audrye Tobias,Bruce Lugo,5,4,3,5,5,4,4.0,4.0,3.0,1.0,3.0,2.0,2.0,1.0,1.0,3.0,3.0,3.0,6.0,6.0,4.0,6.0,8.0,7.0,8.0,6.0,5.0,3.0,8.0,7.0,8.0,6.0,5.0,5.0,3.0,5.0,8.0,6.0,8.0,4.0,8.0,8.0,8.0,8.0,8.0,8.0,8.0,7.0,Business 21,2019-03-18,,,,,,,,,,,,
Georg Battman,Bruce Lugo,1,1,1,6,5,5,7.0,2.0,1.0,3.0,2.0,1.0,1.0,2.0,3.0,3.0,3.0,5.0,8.0,6.0,4.0,4.0,5.0,7.0,8.0,4.0,3.0,4.0,6.0,4.0,8.0,8.0,3.0,3.0,4.0,6.0,4.0,6.0,8.0,8.0,8.0,8.0,8.0,7.0,8.0,8.0,8.0,6.0,Business 21,2019-03-18,,,,,,,,,,,,
Adolph Andreia,Bruce Lugo,3,3,7,1,6,4,3.0,4.0,4.0,1.0,3.0,2.0,3.0,2.0,2.0,1.0,2.0,2.0,2.0,4.0,3.0,6.0,8.0,8.0,4.0,6.0,4.0,5.0,3.0,7.0,8.0,3.0,7.0,7.0,3.0,8.0,8.0,8.0,2.0,6.0,8.0,5.0,8.0,8.0,8.0,8.0,8.0,8.0,Business 21,2019-03-18,,,,,,,,,,,,
Ilaire Ord,Bruce Lugo,7,2,6,5,5,1,2.0,6.0,2.0,1.0,1.0,5.0,1.0,5.0,5.0,2.0,5.0,5.0,1.0,7.0,8.0,8.0,5.0,5.0,8.0,5.0,5.0,6.0,4.0,4.0,8.0,2.0,8.0,4.0,6.0,6.0,8.0,8.0,8.0,5.0,8.0,8.0,8.0,8.0,8.0,8.0,7.0,5.0,Business 21,2019-03-18,,,,,,,,,,,,
Thorpe Pettett,Bruce Lugo,6,1,4,4,2,1,7.0,1.0,6.0,3.0,4.0,3.0,2.0,3.0,3.0,1.0,3.0,3.0,7.0,6.0,8.0,8.0,7.0,8.0,8.0,6.0,6.0,8.0,5.0,3.0,6.0,7.0,2.0,4.0,2.0,7.0,8.0,8.0,8.0,7.0,8.0,8.0,8.0,8.0,8.0,8.0,5.0,8.0,Business 21,2019-03-18,,,,,,,,,,,,
Tiphany Gribben,Bruce Lugo,2,1,3,1,2,5,3.0,1.0,1.0,2.0,2.0,2.0,,,,,,,,,,,,,,,,,,,,,,,,,,,,,,,,,,,,,Business 21,2019-03-18,,,,,,,,,,,,
Pam Hupka,Bruce Lugo,1,5,2,1,5,1,2.0,3.0,2.0,6.0,1.0,1.0,2.0,1.0,5.0,7.0,4.0,1.0,8.0,7.0,7.0,8.0,8.0,7.0,5.0,5.0,6.0,7.0,8.0,5.0,7.0,3.0,5.0,3.0,7.0,8.0,4.0,7.0,4.0,8.0,8.0,7.0,6.0,6.0,8.0,8.0,7.0,8.0,Business 21,2019-03-18,,,,,,,,,,,,
Verne Francescuzzi,Gregor Gomez,2,4,1,2,3,4,2.0,2.0,2.0,3.0,8.0,6.0,4.0,3.0,2.0,6.0,3.0,4.0,4.0,5.0,6.0,6.0,6.0,6.0,6.0,8.0,6.0,6.0,5.0,5.0,5.0,8.0,8.0,4.0,8.0,6.0,8.0,7.0,8.0,8.0,8.0,8.0,8.0,8.0,8.0,6.0,7.0,6.0,Business 22,2019-04-15,,,,,,,,,,,,
Audi Westmacott,Gregor Gomez,2,4,1,3,3,3,5.0,5.0,2.0,3.0,1.0,4.0,3.0,1.0,7.0,1.0,1.0,3.0,5.0,3.0,8.0,6.0,8.0,8.0,5.0,7.0,3.0,5.0,5.0,1.0,7.0,3.0,6.0,1.0,6.0,2.0,6.0,7.0,8.0,8.0,8.0,8.0,8.0,8.0,8.0,6.0,6.0,8.0,Business 22,2019-04-15,,,,,,,,,,,,
Gae Crutch,Gregor Gomez,6,3,2,3,3,2,2.0,4.0,3.0,3.0,3.0,3.0,1.0,1.0,5.0,3.0,3.0,3.0,5.0,7.0,4.0,4.0,8.0,4.0,3.0,6.0,5.0,6.0,7.0,6.0,8.0,3.0,8.0,8.0,3.0,6.0,6.0,7.0,8.0,8.0,6.0,8.0,8.0,8.0,8.0,8.0,6.0,8.0,Business 22,2019-04-15,,,,,,,,,,,,
Fowler Crewdson,Gregor Gomez,1,1,3,7,5,5,1.0,6.0,2.0,5.0,1.0,5.0,3.0,1.0,5.0,4.0,4.0,2.0,7.0,6.0,6.0,4.0,6.0,4.0,2.0,7.0,8.0,7.0,3.0,8.0,4.0,8.0,8.0,3.0,5.0,8.0,8.0,6.0,8.0,8.0,8.0,4.0,8.0,8.0,8.0,8.0,8.0,8.0,Business 22,2019-04-15,,,,,,,,,,,,
Joletta Matzaitis,Gregor Gomez,4,4,3,4,5,6,2.0,6.0,4.0,2.0,5.0,1.0,4.0,3.0,4.0,4.0,2.0,2.0,8.0,8.0,7.0,5.0,8.0,5.0,7.0,2.0,6.0,8.0,5.0,2.0,8.0,4.0,7.0,7.0,3.0,8.0,8.0,8.0,5.0,8.0,8.0,7.0,8.0,8.0,6.0,8.0,7.0,7.0,Business 22,2019-04-15,,,,,,,,,,,,
Ofelia Helm,Gregor Gomez,1,7,3,1,4,3,5.0,1.0,6.0,1.0,1.0,3.0,3.0,4.0,4.0,1.0,2.0,4.0,4.0,6.0,3.0,8.0,4.0,8.0,5.0,5.0,5.0,4.0,5.0,4.0,4.0,7.0,8.0,5.0,8.0,6.0,8.0,8.0,8.0,8.0,8.0,8.0,7.0,8.0,8.0,5.0,7.0,6.0,Business 22,2019-04-15,,,,,,,,,,,,
Quinton Kuhnt,Gregor Gomez,2,3,5,4,3,5,4.0,2.0,3.0,3.0,6.0,2.0,1.0,3.0,3.0,1.0,3.0,1.0,4.0,6.0,4.0,8.0,6.0,7.0,6.0,6.0,8.0,4.0,5.0,3.0,3.0,7.0,4.0,8.0,5.0,5.0,8.0,8.0,8.0,8.0,8.0,8.0,8.0,8.0,8.0,8.0,8.0,8.0,Business 22,2019-04-15,,,,,,,,,,,,
Frankie Mabee,Gregor Gomez,1,3,3,7,2,2,1.0,2.0,3.0,6.0,4.0,1.0,2.0,7.0,2.0,2.0,2.0,3.0,8.0,5.0,4.0,6.0,7.0,7.0,3.0,1.0,8.0,6.0,3.0,5.0,7.0,2.0,8.0,4.0,5.0,4.0,8.0,8.0,7.0,8.0,7.0,7.0,8.0,8.0,8.0,3.0,8.0,8.0,Business 22,2019-04-15,,,,,,,,,,,,
Cami Burberow,Gregor Gomez,1,5,4,6,3,5,5.0,1.0,3.0,3.0,6.0,8.0,5.0,3.0,6.0,3.0,1.0,4.0,7.0,5.0,8.0,8.0,8.0,5.0,8.0,6.0,4.0,8.0,8.0,5.0,8.0,7.0,6.0,8.0,7.0,4.0,8.0,8.0,6.0,8.0,5.0,8.0,4.0,6.0,5.0,4.0,8.0,8.0,Business 22,2019-04-15,,,,,,,,,,,,
Gayla Bownas,Gregor Gomez,3,3,4,4,3,3,1.0,2.0,4.0,2.0,5.0,5.0,1.0,2.0,7.0,2.0,3.0,2.0,4.0,7.0,5.0,6.0,7.0,8.0,8.0,7.0,7.0,6.0,6.0,2.0,3.0,7.0,5.0,8.0,4.0,8.0,6.0,8.0,4.0,5.0,4.0,8.0,8.0,8.0,8.0,5.0,8.0,8.0,Business 22,2019-04-15,,,,,,,,,,,,
Latisha Ibel,Gregor Gomez,2,3,5,4,6,3,4.0,7.0,4.0,4.0,3.0,6.0,1.0,3.0,4.0,3.0,2.0,5.0,3.0,1.0,6.0,5.0,5.0,3.0,4.0,3.0,5.0,8.0,8.0,5.0,5.0,7.0,6.0,3.0,8.0,5.0,6.0,5.0,8.0,8.0,7.0,7.0,8.0,8.0,8.0,5.0,8.0,8.0,Business 22,2019-04-15,,,,,,,,,,,,
Darb Noor,Neil Mccarthy,3,6,2,4,3,2,1.0,1.0,2.0,5.0,4.0,5.0,3.0,5.0,5.0,2.0,4.0,1.0,5.0,2.0,7.0,3.0,4.0,8.0,5.0,4.0,6.0,4.0,8.0,5.0,2.0,3.0,8.0,7.0,8.0,4.0,8.0,8.0,8.0,8.0,6.0,8.0,8.0,6.0,8.0,8.0,8.0,7.0,Business 23,2019-05-20,,,,,,,,,,,,
Adah Spencers,Neil Mccarthy,5,3,2,5,4,3,4.0,5.0,1.0,1.0,4.0,1.0,6.0,3.0,1.0,7.0,2.0,2.0,4.0,6.0,8.0,7.0,3.0,5.0,2.0,5.0,8.0,3.0,3.0,5.0,5.0,6.0,5.0,8.0,7.0,7.0,7.0,7.0,7.0,8.0,8.0,8.0,8.0,8.0,6.0,8.0,7.0,8.0,Business 23,2019-05-20,,,,,,,,,,,,
Kariotta Barense,Neil Mccarthy,4,4,5,2,3,1,2.0,2.0,3.0,3.0,6.0,3.0,4.0,4.0,5.0,5.0,1.0,4.0,8.0,4.0,7.0,4.0,8.0,6.0,8.0,7.0,2.0,7.0,4.0,3.0,5.0,6.0,8.0,7.0,5.0,7.0,8.0,5.0,8.0,7.0,8.0,8.0,8.0,7.0,8.0,3.0,5.0,8.0,Business 23,2019-05-20,,,,,,,,,,,,
Biddy Rapps,Neil Mccarthy,4,4,2,5,5,5,4.0,3.0,6.0,6.0,2.0,4.0,4.0,4.0,2.0,5.0,3.0,3.0,5.0,8.0,6.0,5.0,6.0,4.0,7.0,3.0,3.0,3.0,4.0,7.0,3.0,7.0,8.0,5.0,5.0,6.0,7.0,6.0,8.0,8.0,8.0,7.0,5.0,5.0,8.0,5.0,8.0,8.0,Business 23,2019-05-20,,,,,,,,,,,,
Thatcher Frankish,Neil Mccarthy,3,3,1,3,1,6,3.0,1.0,4.0,2.0,2.0,1.0,4.0,4.0,3.0,6.0,4.0,3.0,3.0,7.0,3.0,4.0,5.0,4.0,8.0,4.0,7.0,6.0,4.0,4.0,6.0,3.0,8.0,6.0,3.0,3.0,7.0,5.0,7.0,8.0,8.0,8.0,8.0,8.0,6.0,6.0,7.0,8.0,Business 23,2019-05-20,,,,,,,,,,,,
Idelle Kidstoun,Neil Mccarthy,4,2,3,3,1,4,1.0,6.0,3.0,2.0,3.0,3.0,3.0,3.0,1.0,3.0,3.0,1.0,3.0,4.0,8.0,2.0,2.0,8.0,5.0,6.0,3.0,7.0,8.0,4.0,7.0,4.0,5.0,3.0,8.0,3.0,8.0,1.0,8.0,8.0,6.0,5.0,8.0,7.0,5.0,5.0,6.0,7.0,Business 23,2019-05-20,,,,,,,,,,,,
Bailey Antrim,Neil Mccarthy,2,4,4,4,5,6,4.0,2.0,4.0,2.0,4.0,2.0,4.0,6.0,2.0,4.0,6.0,3.0,5.0,4.0,3.0,2.0,8.0,4.0,4.0,8.0,1.0,8.0,2.0,3.0,4.0,2.0,4.0,2.0,3.0,2.0,8.0,7.0,7.0,8.0,7.0,5.0,5.0,6.0,6.0,3.0,8.0,6.0,Business 23,2019-05-20,,,,,,,,,,,,
William Dryden,Neil Mccarthy,2,4,2,2,4,4,1.0,2.0,3.0,2.0,3.0,2.0,6.0,3.0,2.0,7.0,6.0,2.0,6.0,8.0,5.0,3.0,3.0,8.0,8.0,8.0,7.0,5.0,6.0,5.0,4.0,4.0,8.0,7.0,3.0,6.0,6.0,7.0,8.0,8.0,6.0,8.0,8.0,5.0,8.0,7.0,8.0,7.0,Business 23,2019-05-20,,,,,,,,,,,,
Dean Burnup,Neil Mccarthy,1,4,2,3,2,2,2.0,3.0,1.0,1.0,1.0,3.0,,,,,,,,,,,,,,,,,,,,,,,,,,,,,,,,,,,,,Business 23,2019-05-20,,,,,,,,,,,,
Burtie Garfitt,Neil Mccarthy,1,1,5,5,5,3,3.0,3.0,1.0,4.0,2.0,5.0,6.0,1.0,2.0,5.0,1.0,1.0,6.0,6.0,7.0,4.0,5.0,3.0,7.0,6.0,5.0,4.0,6.0,5.0,5.0,6.0,6.0,7.0,6.0,8.0,8.0,4.0,7.0,8.0,8.0,8.0,7.0,8.0,7.0,8.0,5.0,8.0,Business 23,2019-05-20,,,,,,,,,,,,
Maggy Clapison,Neil Mccarthy,2,4,1,2,2,4,2.0,4.0,1.0,2.0,2.0,4.0,7.0,5.0,3.0,5.0,1.0,4.0,6.0,7.0,7.0,6.0,8.0,3.0,7.0,4.0,8.0,8.0,8.0,8.0,4.0,4.0,4.0,6.0,7.0,8.0,8.0,8.0,5.0,8.0,8.0,6.0,4.0,8.0,8.0,4.0,4.0,8.0,Business 23,2019-05-20,,,,,,,,,,,,
Julia Llorens,Neil Mccarthy,5,7,3,2,2,3,2.0,1.0,1.0,5.0,2.0,2.0,1.0,2.0,4.0,1.0,4.0,2.0,8.0,8.0,8.0,4.0,8.0,4.0,6.0,7.0,7.0,7.0,6.0,5.0,6.0,3.0,8.0,7.0,7.0,4.0,8.0,5.0,3.0,8.0,8.0,8.0,8.0,8.0,8.0,6.0,8.0,8.0,Business 23,2019-05-20,,,,,,,,,,,,
Sanford Larking,Rachel Richard,3,2,3,4,2,1,2.0,2.0,4.0,3.0,1.0,1.0,4.0,5.0,3.0,1.0,3.0,3.0,3.0,6.0,8.0,5.0,8.0,5.0,8.0,4.0,4.0,5.0,8.0,8.0,6.0,8.0,5.0,3.0,7.0,8.0,8.0,8.0,8.0,8.0,8.0,4.0,8.0,8.0,8.0,8.0,8.0,8.0,Business 24,2019-07-15,,,,,,,,,,,,
Ulrika Lemerie,Rachel Richard,6,1,3,1,2,2,2.0,3.0,4.0,2.0,2.0,3.0,3.0,5.0,2.0,3.0,3.0,1.0,1.0,5.0,7.0,8.0,4.0,8.0,2.0,3.0,8.0,8.0,1.0,8.0,7.0,2.0,6.0,4.0,6.0,3.0,8.0,7.0,4.0,8.0,8.0,8.0,8.0,8.0,8.0,6.0,6.0,4.0,Business 24,2019-07-15,,,,,,,,,,,,
Alidia Govett,Rachel Richard,3,5,7,3,3,3,3.0,4.0,6.0,1.0,2.0,2.0,2.0,2.0,3.0,3.0,1.0,3.0,6.0,7.0,3.0,5.0,6.0,7.0,3.0,7.0,7.0,5.0,6.0,8.0,5.0,4.0,5.0,7.0,6.0,5.0,4.0,8.0,4.0,8.0,8.0,8.0,8.0,8.0,4.0,8.0,8.0,8.0,Business 24,2019-07-15,,,,,,,,,,,,
Angel Matteau,Rachel Richard,4,3,1,2,4,4,4.0,7.0,2.0,7.0,2.0,2.0,4.0,2.0,4.0,3.0,3.0,3.0,5.0,8.0,6.0,7.0,8.0,4.0,7.0,8.0,5.0,5.0,4.0,5.0,7.0,7.0,3.0,7.0,8.0,7.0,8.0,8.0,3.0,7.0,8.0,5.0,5.0,8.0,8.0,8.0,6.0,8.0,Business 24,2019-07-15,,,,,,,,,,,,
Wolfie Showers,Rachel Richard,1,7,1,4,2,4,3.0,5.0,8.0,2.0,4.0,2.0,1.0,2.0,4.0,2.0,8.0,2.0,2.0,7.0,5.0,6.0,5.0,3.0,5.0,6.0,6.0,3.0,8.0,2.0,6.0,7.0,8.0,6.0,6.0,5.0,8.0,8.0,8.0,8.0,8.0,8.0,8.0,8.0,3.0,6.0,6.0,8.0,Business 24,2019-07-15,,,,,,,,,,,,
Nicolea Gibbins,Rachel Richard,1,2,3,2,4,3,4.0,5.0,5.0,2.0,5.0,1.0,4.0,1.0,2.0,1.0,3.0,2.0,5.0,7.0,4.0,5.0,3.0,6.0,4.0,4.0,8.0,4.0,5.0,7.0,4.0,5.0,8.0,6.0,8.0,5.0,8.0,6.0,6.0,8.0,8.0,8.0,8.0,8.0,8.0,8.0,8.0,8.0,Business 24,2019-07-15,,,,,,,,,,,,
Florina Sudlow,Rachel Richard,7,4,3,3,1,4,4.0,2.0,4.0,2.0,2.0,3.0,6.0,2.0,3.0,4.0,3.0,3.0,5.0,8.0,2.0,7.0,5.0,5.0,8.0,5.0,8.0,6.0,6.0,6.0,5.0,8.0,7.0,8.0,6.0,8.0,7.0,8.0,8.0,8.0,5.0,8.0,7.0,8.0,8.0,8.0,7.0,7.0,Business 24,2019-07-15,,,,,,,,,,,,
Dianna Brewett,Rachel Richard,8,1,2,5,2,2,4.0,6.0,3.0,2.0,2.0,1.0,1.0,2.0,4.0,8.0,4.0,1.0,5.0,8.0,7.0,6.0,3.0,5.0,4.0,5.0,4.0,4.0,6.0,8.0,7.0,8.0,3.0,3.0,8.0,6.0,6.0,6.0,8.0,8.0,8.0,6.0,8.0,8.0,7.0,7.0,8.0,5.0,Business 24,2019-07-15,,,,,,,,,,,,
Megan Hallihan,Rachel Richard,1,1,1,2,5,1,,,,,,,,,,,,,,,,,,,,,,,,,,,,,,,,,,,,,,,,,,,Business 24,2019-07-15,,,,,,,,,,,,
Sherlocke Baselio,Rachel Richard,2,5,3,4,5,2,3.0,7.0,6.0,2.0,1.0,2.0,1.0,3.0,6.0,3.0,1.0,4.0,8.0,5.0,4.0,3.0,2.0,8.0,8.0,6.0,4.0,4.0,5.0,6.0,8.0,5.0,7.0,5.0,6.0,7.0,7.0,8.0,8.0,7.0,8.0,8.0,7.0,8.0,8.0,8.0,8.0,8.0,Business 24,2019-07-15,,,,,,,,,,,,
Keen Tripony,Rachel Richard,5,1,3,1,3,6,3.0,2.0,2.0,1.0,4.0,5.0,4.0,4.0,2.0,2.0,5.0,1.0,4.0,4.0,5.0,5.0,7.0,4.0,5.0,6.0,8.0,7.0,7.0,7.0,8.0,7.0,8.0,6.0,8.0,4.0,8.0,8.0,8.0,8.0,8.0,8.0,8.0,3.0,8.0,8.0,8.0,8.0,Business 24,2019-07-15,,,,,,,,,,,,
Collete Causbey,Rachel Richard,1,7,3,2,3,3,4.0,1.0,6.0,5.0,2.0,3.0,2.0,4.0,3.0,3.0,2.0,1.0,3.0,6.0,8.0,3.0,8.0,8.0,4.0,2.0,6.0,4.0,8.0,5.0,6.0,8.0,8.0,6.0,3.0,3.0,8.0,8.0,8.0,3.0,8.0,7.0,5.0,8.0,8.0,8.0,8.0,6.0,Business 24,2019-07-15,,,,,,,,,,,,
Gabi Ivins,Gregor Gomez,4,1,6,2,1,1,3.0,2.0,2.0,2.0,5.0,2.0,4.0,1.0,6.0,2.0,3.0,5.0,6.0,7.0,6.0,4.0,3.0,2.0,8.0,5.0,3.0,4.0,3.0,7.0,1.0,8.0,8.0,8.0,4.0,8.0,8.0,8.0,8.0,8.0,8.0,8.0,8.0,7.0,8.0,8.0,8.0,8.0,Business 25,2019-07-29,8.0,8.0,7.0,8.0,8.0,8.0,8.0,8.0,8.0,8.0,8.0,8.0
Melodee Crippen,Gregor Gomez,4,2,5,1,1,3,3.0,3.0,3.0,3.0,3.0,1.0,3.0,2.0,6.0,1.0,5.0,4.0,6.0,3.0,1.0,7.0,6.0,6.0,8.0,3.0,5.0,3.0,8.0,5.0,6.0,8.0,5.0,5.0,8.0,1.0,8.0,8.0,5.0,4.0,7.0,8.0,8.0,8.0,6.0,8.0,8.0,8.0,Business 25,2019-07-29,8.0,8.0,8.0,8.0,8.0,8.0,8.0,8.0,8.0,7.0,8.0,8.0
Wilt Gotliffe,Gregor Gomez,1,5,4,2,1,3,1.0,3.0,1.0,2.0,1.0,3.0,,,,,,,,,,,,,,,,,,,,,,,,,,,,,,,,,,,,,Business 25,2019-07-29,,,,,,,,,,,,
Mela Burgill,Gregor Gomez,1,7,2,2,3,5,5.0,1.0,1.0,5.0,3.0,3.0,2.0,4.0,5.0,2.0,2.0,4.0,8.0,8.0,8.0,6.0,4.0,6.0,6.0,6.0,3.0,8.0,5.0,6.0,8.0,3.0,3.0,5.0,7.0,6.0,4.0,8.0,8.0,8.0,8.0,8.0,8.0,7.0,4.0,8.0,3.0,8.0,Business 25,2019-07-29,8.0,6.0,3.0,8.0,8.0,7.0,8.0,8.0,2.0,6.0,8.0,8.0
Uriel Eidelman,Gregor Gomez,8,2,3,6,4,4,2.0,1.0,3.0,4.0,3.0,4.0,1.0,1.0,6.0,2.0,4.0,2.0,8.0,4.0,8.0,4.0,8.0,8.0,8.0,7.0,6.0,8.0,5.0,7.0,3.0,6.0,6.0,6.0,5.0,5.0,8.0,8.0,7.0,8.0,8.0,8.0,8.0,6.0,8.0,8.0,8.0,7.0,Business 25,2019-07-29,7.0,8.0,8.0,8.0,7.0,8.0,8.0,8.0,8.0,8.0,8.0,8.0
Vivienne Blakelock,Gregor Gomez,2,7,1,6,5,4,2.0,3.0,1.0,1.0,4.0,1.0,1.0,4.0,2.0,1.0,1.0,2.0,,,,,,,,,,,,,,,,,,,,,,,,,,,,,,,Business 25,2019-07-29,,,,,,,,,,,,
Auberon Werny,Gregor Gomez,5,5,6,5,4,2,4.0,5.0,4.0,5.0,4.0,3.0,3.0,2.0,1.0,3.0,4.0,4.0,7.0,7.0,5.0,1.0,6.0,8.0,6.0,8.0,8.0,5.0,5.0,8.0,3.0,5.0,6.0,7.0,8.0,7.0,8.0,8.0,6.0,6.0,8.0,8.0,8.0,8.0,8.0,8.0,8.0,8.0,Business 25,2019-07-29,8.0,7.0,8.0,8.0,8.0,6.0,8.0,8.0,8.0,8.0,8.0,8.0
Nikolaus Gullefant,Gregor Gomez,1,5,4,4,3,6,4.0,4.0,3.0,1.0,2.0,2.0,2.0,3.0,6.0,1.0,5.0,1.0,3.0,7.0,3.0,2.0,6.0,3.0,6.0,4.0,7.0,7.0,8.0,7.0,8.0,6.0,8.0,7.0,4.0,5.0,8.0,8.0,6.0,8.0,8.0,8.0,7.0,4.0,8.0,8.0,8.0,8.0,Business 25,2019-07-29,8.0,8.0,8.0,8.0,8.0,8.0,8.0,8.0,8.0,8.0,8.0,8.0
Prentice Van Der Hoeven,Gregor Gomez,3,2,4,3,1,4,3.0,3.0,5.0,1.0,2.0,1.0,2.0,5.0,3.0,3.0,3.0,4.0,4.0,8.0,4.0,1.0,4.0,5.0,6.0,4.0,5.0,4.0,1.0,5.0,6.0,6.0,8.0,6.0,3.0,5.0,8.0,8.0,8.0,8.0,7.0,8.0,8.0,7.0,4.0,8.0,8.0,5.0,Business 25,2019-07-29,8.0,6.0,8.0,8.0,8.0,5.0,8.0,8.0,8.0,8.0,8.0,8.0
Alikee Sawood,Gregor Gomez,2,4,4,1,3,7,1.0,3.0,4.0,3.0,1.0,3.0,2.0,1.0,2.0,2.0,5.0,3.0,8.0,6.0,7.0,8.0,4.0,5.0,7.0,8.0,7.0,8.0,4.0,4.0,3.0,2.0,7.0,6.0,5.0,8.0,6.0,7.0,8.0,8.0,7.0,8.0,8.0,4.0,8.0,4.0,8.0,8.0,Business 25,2019-07-29,8.0,5.0,8.0,8.0,8.0,8.0,8.0,8.0,8.0,8.0,8.0,8.0
Guido Lassells,Gregor Gomez,4,3,6,2,3,1,1.0,3.0,1.0,1.0,1.0,4.0,,,,,,,,,,,,,,,,,,,,,,,,,,,,,,,,,,,,,Business 25,2019-07-29,,,,,,,,,,,,
Verena Townes,Gregor Gomez,4,3,6,2,4,4,4.0,6.0,1.0,2.0,1.0,1.0,2.0,5.0,6.0,2.0,2.0,1.0,8.0,2.0,6.0,6.0,8.0,8.0,7.0,5.0,8.0,6.0,7.0,8.0,1.0,7.0,8.0,1.0,7.0,8.0,6.0,8.0,8.0,8.0,8.0,8.0,3.0,8.0,7.0,7.0,8.0,8.0,Business 25,2019-07-29,8.0,8.0,8.0,8.0,8.0,8.0,8.0,8.0,8.0,8.0,8.0,8.0
Kylie Cordell,Gregor Gomez,3,2,7,5,4,4,6.0,6.0,2.0,3.0,2.0,3.0,2.0,1.0,4.0,2.0,4.0,2.0,3.0,6.0,2.0,4.0,5.0,7.0,7.0,4.0,8.0,7.0,8.0,8.0,8.0,7.0,5.0,4.0,5.0,3.0,8.0,6.0,8.0,3.0,8.0,6.0,5.0,8.0,8.0,8.0,8.0,7.0,Business 25,2019-07-29,8.0,6.0,8.0,8.0,8.0,7.0,8.0,8.0,8.0,8.0,8.0,8.0
Cornelia Artist,Hamzah Melia,3,5,2,4,1,3,2.0,1.0,5.0,3.0,4.0,3.0,3.0,8.0,1.0,2.0,2.0,1.0,8.0,4.0,2.0,5.0,2.0,5.0,1.0,8.0,6.0,8.0,5.0,1.0,8.0,3.0,8.0,8.0,8.0,5.0,8.0,8.0,8.0,8.0,7.0,8.0,8.0,8.0,8.0,8.0,6.0,8.0,Business 26,2019-08-12,,,,,,,,,,,,
Hanni Katt,Hamzah Melia,6,1,2,1,5,7,5.0,2.0,6.0,2.0,2.0,1.0,5.0,2.0,5.0,3.0,3.0,2.0,5.0,4.0,4.0,8.0,3.0,8.0,4.0,6.0,7.0,7.0,8.0,5.0,3.0,2.0,8.0,5.0,6.0,8.0,8.0,8.0,7.0,8.0,8.0,8.0,6.0,7.0,8.0,8.0,8.0,7.0,Business 26,2019-08-12,,,,,,,,,,,,
Eric Spritt,Hamzah Melia,1,4,6,5,1,1,1.0,6.0,4.0,3.0,1.0,6.0,4.0,4.0,4.0,6.0,1.0,4.0,7.0,6.0,5.0,5.0,4.0,4.0,5.0,8.0,7.0,4.0,4.0,5.0,3.0,6.0,4.0,5.0,7.0,8.0,8.0,8.0,2.0,7.0,7.0,8.0,8.0,8.0,1.0,2.0,6.0,7.0,Business 26,2019-08-12,,,,,,,,,,,,
Merrill Mckie,Hamzah Melia,7,3,2,4,2,2,2.0,3.0,5.0,7.0,3.0,1.0,4.0,1.0,2.0,3.0,6.0,1.0,4.0,2.0,8.0,8.0,8.0,5.0,7.0,2.0,2.0,8.0,5.0,8.0,7.0,4.0,6.0,6.0,8.0,7.0,8.0,8.0,8.0,2.0,8.0,5.0,8.0,8.0,4.0,8.0,8.0,8.0,Business 26,2019-08-12,,,,,,,,,,,,
Marcela Riding,Hamzah Melia,3,4,3,2,4,3,1.0,3.0,2.0,1.0,1.0,3.0,,,,,,,,,,,,,,,,,,,,,,,,,,,,,,,,,,,,,Business 26,2019-08-12,,,,,,,,,,,,
Lea Normington,Hamzah Melia,2,1,3,4,3,1,4.0,2.0,6.0,4.0,5.0,1.0,2.0,5.0,4.0,1.0,3.0,2.0,6.0,8.0,6.0,8.0,6.0,5.0,5.0,8.0,8.0,6.0,6.0,8.0,8.0,2.0,7.0,8.0,5.0,4.0,7.0,7.0,8.0,7.0,8.0,6.0,8.0,7.0,6.0,8.0,4.0,8.0,Business 26,2019-08-12,,,,,,,,,,,,
Aguste Tann,Hamzah Melia,4,3,4,4,3,2,4.0,2.0,2.0,3.0,1.0,1.0,1.0,3.0,1.0,5.0,1.0,2.0,6.0,4.0,8.0,4.0,4.0,7.0,8.0,3.0,8.0,8.0,4.0,6.0,6.0,5.0,3.0,8.0,8.0,5.0,8.0,7.0,7.0,6.0,6.0,8.0,8.0,8.0,5.0,8.0,8.0,3.0,Business 26,2019-08-12,,,,,,,,,,,,
Anet Satterley,Hamzah Melia,7,1,4,2,2,3,1.0,5.0,3.0,3.0,3.0,3.0,4.0,7.0,4.0,3.0,1.0,4.0,4.0,6.0,8.0,5.0,5.0,8.0,7.0,8.0,2.0,8.0,5.0,3.0,2.0,5.0,6.0,8.0,7.0,6.0,8.0,8.0,8.0,8.0,6.0,8.0,8.0,7.0,8.0,7.0,5.0,7.0,Business 26,2019-08-12,,,,,,,,,,,,
Agace O'Shields,Hamzah Melia,4,2,2,3,1,6,1.0,4.0,4.0,2.0,1.0,5.0,2.0,2.0,3.0,1.0,1.0,6.0,8.0,8.0,6.0,7.0,8.0,7.0,6.0,6.0,8.0,8.0,8.0,3.0,8.0,8.0,3.0,4.0,4.0,2.0,8.0,5.0,3.0,7.0,4.0,2.0,8.0,8.0,8.0,8.0,6.0,8.0,Business 26,2019-08-12,,,,,,,,,,,,
Matteo Yeowell,Burhan Milner,3,5,2,1,3,5,4.0,1.0,1.0,4.0,4.0,4.0,5.0,4.0,6.0,2.0,7.0,3.0,8.0,4.0,6.0,4.0,6.0,5.0,8.0,5.0,8.0,8.0,5.0,7.0,6.0,4.0,8.0,6.0,7.0,5.0,8.0,7.0,8.0,8.0,8.0,8.0,6.0,8.0,6.0,8.0,8.0,8.0,Business 27,2019-09-16,,,,,,,,,,,,
Deck Itzchaki,Burhan Milner,2,3,4,2,4,3,2.0,1.0,2.0,2.0,2.0,3.0,2.0,1.0,2.0,1.0,2.0,6.0,6.0,8.0,4.0,8.0,3.0,6.0,3.0,6.0,3.0,7.0,7.0,4.0,6.0,7.0,7.0,8.0,3.0,3.0,7.0,7.0,8.0,8.0,8.0,8.0,5.0,8.0,8.0,8.0,8.0,8.0,Business 27,2019-09-16,,,,,,,,,,,,
Tarrah Bunny,Burhan Milner,3,6,3,4,3,5,1.0,1.0,3.0,6.0,3.0,2.0,6.0,1.0,4.0,3.0,5.0,3.0,6.0,8.0,6.0,3.0,7.0,8.0,7.0,6.0,6.0,2.0,8.0,4.0,6.0,5.0,5.0,7.0,4.0,2.0,8.0,8.0,8.0,8.0,7.0,7.0,8.0,8.0,8.0,8.0,8.0,4.0,Business 27,2019-09-16,,,,,,,,,,,,
Fairlie Cogzell,Burhan Milner,5,2,2,3,3,3,3.0,4.0,4.0,2.0,3.0,3.0,1.0,5.0,4.0,2.0,5.0,5.0,7.0,6.0,6.0,3.0,4.0,4.0,6.0,3.0,6.0,5.0,7.0,8.0,6.0,6.0,6.0,2.0,5.0,4.0,7.0,8.0,8.0,7.0,5.0,7.0,7.0,7.0,8.0,8.0,8.0,8.0,Business 27,2019-09-16,,,,,,,,,,,,
Robinet Renwick,Burhan Milner,3,2,2,3,2,2,1.0,1.0,3.0,2.0,3.0,5.0,2.0,6.0,6.0,3.0,2.0,2.0,6.0,3.0,6.0,7.0,4.0,8.0,6.0,6.0,8.0,7.0,8.0,5.0,7.0,3.0,5.0,5.0,3.0,6.0,5.0,8.0,7.0,8.0,7.0,8.0,8.0,8.0,8.0,6.0,8.0,4.0,Business 27,2019-09-16,,,,,,,,,,,,
Boote Moan,Burhan Milner,5,4,3,6,2,4,8.0,4.0,1.0,4.0,4.0,2.0,7.0,3.0,2.0,1.0,1.0,3.0,8.0,4.0,8.0,5.0,5.0,7.0,5.0,7.0,4.0,6.0,8.0,8.0,2.0,4.0,7.0,8.0,6.0,8.0,8.0,8.0,5.0,7.0,6.0,8.0,8.0,8.0,6.0,6.0,7.0,8.0,Business 27,2019-09-16,,,,,,,,,,,,
Vaughn Wallington,Burhan Milner,1,1,2,3,1,4,6.0,2.0,4.0,1.0,2.0,3.0,4.0,2.0,2.0,2.0,2.0,4.0,5.0,4.0,7.0,4.0,6.0,4.0,8.0,7.0,5.0,4.0,5.0,2.0,8.0,3.0,4.0,3.0,8.0,3.0,6.0,8.0,8.0,8.0,8.0,7.0,8.0,8.0,8.0,6.0,8.0,8.0,Business 27,2019-09-16,,,,,,,,,,,,
Jim Dwerryhouse,Burhan Milner,5,3,4,3,4,2,1.0,1.0,5.0,2.0,4.0,5.0,1.0,2.0,2.0,2.0,3.0,3.0,5.0,3.0,3.0,7.0,8.0,4.0,7.0,5.0,4.0,7.0,7.0,8.0,3.0,8.0,8.0,7.0,7.0,4.0,8.0,7.0,8.0,8.0,7.0,8.0,8.0,8.0,8.0,8.0,8.0,7.0,Business 27,2019-09-16,,,,,,,,,,,,
Harriett Saffin,Burhan Milner,3,4,3,1,3,5,2.0,3.0,4.0,1.0,4.0,2.0,2.0,7.0,1.0,1.0,7.0,5.0,6.0,4.0,8.0,1.0,7.0,7.0,7.0,7.0,6.0,6.0,4.0,4.0,7.0,6.0,5.0,8.0,8.0,8.0,8.0,5.0,5.0,6.0,8.0,8.0,8.0,8.0,4.0,8.0,8.0,8.0,Business 27,2019-09-16,,,,,,,,,,,,
Omero Shill,Burhan Milner,4,5,2,1,4,1,4.0,5.0,3.0,3.0,3.0,3.0,4.0,4.0,2.0,2.0,3.0,3.0,6.0,8.0,5.0,2.0,6.0,8.0,5.0,5.0,3.0,8.0,8.0,7.0,1.0,8.0,4.0,8.0,4.0,8.0,8.0,6.0,5.0,5.0,6.0,8.0,8.0,5.0,8.0,8.0,7.0,8.0,Business 27,2019-09-16,,,,,,,,,,,,
Casey Putten,Elly Kelly,3,1,3,4,6,5,1.0,3.0,2.0,1.0,7.0,1.0,4.0,2.0,3.0,5.0,4.0,6.0,3.0,8.0,5.0,5.0,6.0,8.0,5.0,3.0,5.0,5.0,5.0,8.0,8.0,4.0,1.0,8.0,3.0,3.0,8.0,5.0,6.0,8.0,8.0,8.0,4.0,7.0,8.0,8.0,6.0,8.0,Business 28,2019-10-21,,,,,,,,,,,,
Una Caldicot,Elly Kelly,2,3,5,2,3,4,1.0,2.0,1.0,4.0,1.0,5.0,1.0,1.0,4.0,1.0,5.0,6.0,6.0,4.0,8.0,2.0,6.0,2.0,5.0,8.0,8.0,7.0,7.0,5.0,5.0,4.0,6.0,5.0,2.0,8.0,8.0,8.0,7.0,8.0,5.0,8.0,7.0,5.0,7.0,8.0,7.0,7.0,Business 28,2019-10-21,,,,,,,,,,,,
Riva Mangeot,Elly Kelly,4,7,2,2,2,3,3.0,1.0,3.0,4.0,2.0,2.0,2.0,4.0,1.0,1.0,2.0,3.0,1.0,3.0,8.0,8.0,3.0,4.0,8.0,3.0,6.0,8.0,8.0,5.0,6.0,5.0,4.0,7.0,8.0,7.0,8.0,8.0,8.0,8.0,4.0,8.0,6.0,8.0,8.0,6.0,6.0,7.0,Business 28,2019-10-21,,,,,,,,,,,,
Gery Marchment,Elly Kelly,4,3,4,2,1,1,2.0,4.0,3.0,1.0,1.0,2.0,6.0,1.0,2.0,6.0,2.0,3.0,4.0,7.0,4.0,6.0,2.0,4.0,5.0,8.0,2.0,8.0,5.0,4.0,8.0,5.0,4.0,5.0,5.0,6.0,7.0,7.0,7.0,7.0,8.0,8.0,8.0,8.0,8.0,8.0,8.0,7.0,Business 28,2019-10-21,,,,,,,,,,,,
Brendan Tithecott,Elly Kelly,3,4,4,3,2,1,2.0,6.0,1.0,6.0,5.0,3.0,4.0,5.0,1.0,2.0,5.0,4.0,4.0,8.0,6.0,5.0,3.0,4.0,6.0,3.0,5.0,7.0,5.0,4.0,7.0,5.0,7.0,5.0,8.0,4.0,8.0,8.0,8.0,8.0,8.0,8.0,8.0,5.0,8.0,4.0,8.0,6.0,Business 28,2019-10-21,,,,,,,,,,,,
Dorice Slides,Elly Kelly,5,2,3,3,4,2,3.0,1.0,1.0,1.0,3.0,2.0,,,,,,,,,,,,,,,,,,,,,,,,,,,,,,,,,,,,,Business 28,2019-10-21,,,,,,,,,,,,
Kalinda Leebetter,Elly Kelly,2,1,2,4,8,1,3.0,3.0,2.0,6.0,1.0,1.0,5.0,4.0,1.0,5.0,2.0,3.0,8.0,7.0,5.0,8.0,8.0,4.0,4.0,5.0,8.0,6.0,1.0,5.0,6.0,3.0,8.0,5.0,5.0,3.0,8.0,4.0,7.0,5.0,8.0,8.0,8.0,8.0,8.0,8.0,7.0,6.0,Business 28,2019-10-21,,,,,,,,,,,,
Fifi Kingsly,Elly Kelly,3,2,5,3,3,1,5.0,4.0,2.0,2.0,2.0,2.0,6.0,1.0,7.0,4.0,6.0,1.0,8.0,2.0,8.0,8.0,5.0,5.0,3.0,8.0,5.0,6.0,8.0,2.0,2.0,8.0,8.0,7.0,6.0,7.0,8.0,3.0,8.0,7.0,8.0,8.0,8.0,8.0,5.0,7.0,8.0,3.0,Business 28,2019-10-21,,,,,,,,,,,,
Zollie Danks,Elly Kelly,1,3,1,3,5,5,2.0,5.0,1.0,1.0,2.0,2.0,5.0,1.0,1.0,1.0,4.0,1.0,8.0,4.0,3.0,6.0,6.0,5.0,5.0,4.0,5.0,7.0,7.0,8.0,7.0,8.0,7.0,7.0,4.0,7.0,4.0,8.0,8.0,8.0,8.0,6.0,4.0,8.0,8.0,6.0,7.0,8.0,Business 28,2019-10-21,,,,,,,,,,,,
Katleen Trunks,Elly Kelly,2,3,5,4,5,3,2.0,4.0,3.0,4.0,4.0,2.0,6.0,3.0,3.0,3.0,1.0,4.0,7.0,8.0,6.0,6.0,5.0,5.0,7.0,6.0,8.0,7.0,3.0,8.0,8.0,7.0,8.0,8.0,6.0,3.0,8.0,8.0,7.0,8.0,8.0,8.0,8.0,8.0,8.0,8.0,8.0,8.0,Business 28,2019-10-21,,,,,,,,,,,,
Heida Cossom,Elly Kelly,1,3,2,6,1,2,1.0,3.0,3.0,5.0,5.0,2.0,4.0,3.0,1.0,3.0,3.0,1.0,2.0,5.0,2.0,8.0,3.0,2.0,3.0,8.0,8.0,5.0,8.0,4.0,4.0,5.0,8.0,8.0,6.0,7.0,7.0,5.0,8.0,8.0,7.0,8.0,4.0,8.0,8.0,8.0,7.0,8.0,Business 28,2019-10-21,,,,,,,,,,,,
Nicola Lavall,Elly Kelly,1,3,4,2,2,7,7.0,6.0,3.0,8.0,3.0,2.0,4.0,5.0,2.0,1.0,3.0,2.0,4.0,2.0,7.0,3.0,2.0,7.0,5.0,8.0,3.0,5.0,4.0,3.0,5.0,8.0,7.0,5.0,8.0,7.0,8.0,8.0,8.0,8.0,8.0,8.0,8.0,8.0,8.0,4.0,4.0,6.0,Business 28,2019-10-21,,,,,,,,,,,,
Rossie Caitlin,Bruce Lugo,1,3,2,2,3,3,3.0,4.0,3.0,5.0,2.0,3.0,2.0,2.0,1.0,6.0,2.0,1.0,6.0,6.0,7.0,5.0,7.0,7.0,8.0,3.0,8.0,4.0,6.0,4.0,6.0,8.0,3.0,4.0,7.0,7.0,7.0,8.0,6.0,5.0,8.0,7.0,6.0,8.0,8.0,8.0,8.0,5.0,Business 29,2019-11-18,8.0,2.0,6.0,8.0,8.0,8.0,8.0,8.0,8.0,8.0,8.0,8.0
Marmaduke Kiefer,Bruce Lugo,4,4,3,4,5,7,4.0,1.0,2.0,2.0,2.0,3.0,1.0,4.0,5.0,1.0,3.0,2.0,8.0,1.0,8.0,3.0,8.0,5.0,8.0,6.0,5.0,8.0,6.0,5.0,7.0,2.0,5.0,8.0,7.0,8.0,8.0,5.0,7.0,8.0,8.0,8.0,8.0,8.0,6.0,7.0,8.0,8.0,Business 29,2019-11-18,8.0,7.0,6.0,8.0,8.0,8.0,8.0,8.0,8.0,6.0,8.0,8.0
Dina Mcgookin,Bruce Lugo,2,3,2,4,1,5,4.0,3.0,7.0,4.0,3.0,3.0,1.0,4.0,8.0,3.0,3.0,1.0,8.0,4.0,3.0,7.0,7.0,4.0,3.0,5.0,7.0,5.0,8.0,8.0,6.0,7.0,8.0,3.0,8.0,8.0,8.0,8.0,7.0,5.0,8.0,8.0,8.0,8.0,6.0,8.0,8.0,8.0,Business 29,2019-11-18,8.0,8.0,8.0,7.0,8.0,3.0,8.0,8.0,8.0,8.0,8.0,8.0
Reuven Kneaphsey,Bruce Lugo,3,3,3,5,2,6,5.0,2.0,4.0,1.0,5.0,4.0,1.0,3.0,1.0,1.0,3.0,3.0,7.0,8.0,2.0,4.0,6.0,2.0,4.0,7.0,8.0,2.0,5.0,5.0,4.0,6.0,8.0,6.0,2.0,8.0,8.0,8.0,8.0,8.0,8.0,7.0,8.0,6.0,8.0,8.0,8.0,4.0,Business 29,2019-11-18,6.0,6.0,8.0,8.0,6.0,8.0,8.0,8.0,8.0,8.0,6.0,7.0
Stephi Duckering,Bruce Lugo,3,2,2,3,2,1,4.0,4.0,1.0,1.0,3.0,5.0,3.0,3.0,2.0,3.0,2.0,1.0,4.0,8.0,3.0,5.0,3.0,5.0,4.0,4.0,5.0,8.0,7.0,6.0,2.0,5.0,5.0,8.0,6.0,7.0,3.0,8.0,4.0,7.0,6.0,7.0,7.0,5.0,7.0,8.0,7.0,8.0,Business 29,2019-11-18,8.0,8.0,7.0,8.0,7.0,7.0,6.0,8.0,8.0,8.0,8.0,6.0
Homer Sebborn,Bruce Lugo,5,3,5,2,2,1,2.0,2.0,2.0,4.0,1.0,2.0,2.0,1.0,5.0,4.0,3.0,4.0,4.0,5.0,7.0,4.0,4.0,8.0,5.0,1.0,8.0,8.0,7.0,2.0,3.0,5.0,6.0,6.0,3.0,4.0,8.0,8.0,8.0,8.0,7.0,8.0,8.0,8.0,8.0,7.0,8.0,8.0,Business 29,2019-11-18,6.0,8.0,8.0,8.0,8.0,8.0,5.0,8.0,8.0,8.0,8.0,8.0
Say Kleinhausen,Bruce Lugo,1,1,5,4,1,4,8.0,3.0,2.0,3.0,8.0,1.0,6.0,5.0,4.0,1.0,2.0,3.0,4.0,8.0,4.0,5.0,7.0,6.0,4.0,3.0,4.0,7.0,1.0,8.0,8.0,4.0,5.0,3.0,6.0,6.0,4.0,8.0,8.0,8.0,8.0,8.0,5.0,8.0,8.0,5.0,7.0,6.0,Business 29,2019-11-18,8.0,8.0,8.0,8.0,4.0,6.0,8.0,8.0,8.0,8.0,8.0,8.0
Tyler Traynor,Bruce Lugo,1,3,1,2,1,4,1.0,2.0,5.0,2.0,1.0,3.0,4.0,3.0,4.0,3.0,4.0,5.0,3.0,4.0,1.0,5.0,4.0,8.0,6.0,8.0,3.0,8.0,6.0,5.0,2.0,6.0,8.0,5.0,3.0,7.0,8.0,8.0,6.0,8.0,8.0,8.0,5.0,8.0,5.0,5.0,8.0,8.0,Business 29,2019-11-18,8.0,8.0,6.0,8.0,8.0,5.0,8.0,8.0,8.0,6.0,6.0,8.0
Johnath Tufts,Bruce Lugo,3,4,3,2,4,1,4.0,5.0,4.0,5.0,1.0,3.0,3.0,6.0,1.0,3.0,2.0,6.0,7.0,3.0,3.0,7.0,8.0,8.0,6.0,3.0,5.0,7.0,3.0,8.0,5.0,6.0,7.0,8.0,6.0,8.0,5.0,8.0,8.0,8.0,8.0,8.0,8.0,4.0,8.0,8.0,8.0,6.0,Business 29,2019-11-18,8.0,8.0,8.0,6.0,7.0,8.0,8.0,8.0,5.0,8.0,8.0,8.0
Kristin Bardill,Bruce Lugo,3,4,1,2,5,3,4.0,1.0,4.0,1.0,6.0,1.0,2.0,1.0,3.0,2.0,2.0,4.0,6.0,1.0,8.0,4.0,8.0,2.0,7.0,2.0,8.0,5.0,6.0,4.0,4.0,8.0,5.0,6.0,5.0,7.0,4.0,8.0,8.0,8.0,8.0,8.0,7.0,8.0,8.0,8.0,8.0,4.0,Business 29,2019-11-18,6.0,8.0,8.0,6.0,8.0,8.0,8.0,8.0,8.0,8.0,7.0,8.0
Timmie Knudsen,Ely Kely,2,2,2,5,1,2,1.0,3.0,2.0,5.0,5.0,4.0,4.0,4.0,1.0,1.0,5.0,4.0,8.0,5.0,8.0,5.0,4.0,8.0,8.0,6.0,8.0,5.0,7.0,7.0,7.0,6.0,8.0,8.0,4.0,8.0,8.0,8.0,8.0,6.0,8.0,8.0,7.0,8.0,8.0,6.0,8.0,8.0,Business 30,2019-12-30,8.0,5.0,8.0,8.0,8.0,8.0,8.0,8.0,8.0,8.0,8.0,8.0
Mona Orviss,Ely Kely,6,4,3,1,3,1,3.0,5.0,5.0,3.0,6.0,2.0,1.0,1.0,3.0,8.0,2.0,4.0,5.0,3.0,7.0,4.0,4.0,6.0,4.0,3.0,7.0,8.0,8.0,4.0,2.0,3.0,5.0,4.0,4.0,8.0,8.0,7.0,7.0,8.0,7.0,8.0,6.0,8.0,8.0,7.0,8.0,8.0,Business 30,2019-12-30,2.0,8.0,8.0,8.0,8.0,4.0,8.0,8.0,8.0,8.0,8.0,8.0
Everett O'Clery,Ely Kely,2,6,2,4,2,4,3.0,4.0,5.0,1.0,3.0,2.0,4.0,4.0,4.0,4.0,3.0,4.0,4.0,4.0,8.0,8.0,5.0,7.0,6.0,7.0,7.0,4.0,5.0,8.0,7.0,5.0,4.0,4.0,6.0,8.0,8.0,8.0,7.0,8.0,8.0,8.0,6.0,8.0,6.0,5.0,6.0,8.0,Business 30,2019-12-30,8.0,7.0,6.0,6.0,5.0,6.0,8.0,8.0,8.0,8.0,8.0,8.0
Konstanze Trynor,Ely Kely,2,2,1,1,3,4,8.0,1.0,1.0,2.0,4.0,3.0,2.0,3.0,4.0,2.0,4.0,4.0,6.0,5.0,6.0,6.0,4.0,5.0,4.0,8.0,6.0,8.0,3.0,4.0,6.0,5.0,8.0,4.0,5.0,5.0,8.0,8.0,8.0,8.0,8.0,8.0,8.0,6.0,8.0,8.0,6.0,7.0,Business 30,2019-12-30,7.0,6.0,6.0,8.0,8.0,8.0,8.0,8.0,8.0,8.0,8.0,8.0
Robinett Mcphate,Ely Kely,1,6,1,5,1,2,2.0,4.0,2.0,2.0,3.0,4.0,1.0,3.0,4.0,1.0,1.0,3.0,2.0,8.0,4.0,8.0,8.0,8.0,8.0,8.0,3.0,7.0,7.0,8.0,8.0,7.0,5.0,6.0,3.0,4.0,7.0,8.0,8.0,4.0,2.0,8.0,8.0,8.0,8.0,8.0,8.0,8.0,Business 30,2019-12-30,5.0,8.0,8.0,8.0,4.0,7.0,8.0,8.0,8.0,8.0,5.0,5.0
Ronda Aggis,Ely Kely,1,5,2,4,3,6,6.0,1.0,2.0,3.0,4.0,2.0,3.0,3.0,2.0,3.0,2.0,3.0,8.0,1.0,6.0,4.0,5.0,8.0,3.0,8.0,5.0,8.0,5.0,2.0,5.0,5.0,7.0,6.0,2.0,8.0,6.0,8.0,8.0,6.0,8.0,5.0,8.0,7.0,8.0,8.0,8.0,7.0,Business 30,2019-12-30,6.0,8.0,8.0,8.0,8.0,8.0,8.0,8.0,8.0,8.0,8.0,8.0
Caril Bayly,Ely Kely,3,3,1,2,1,3,1.0,1.0,3.0,1.0,5.0,1.0,1.0,2.0,3.0,4.0,3.0,5.0,7.0,7.0,8.0,7.0,5.0,5.0,3.0,5.0,6.0,6.0,6.0,2.0,5.0,3.0,4.0,5.0,4.0,5.0,7.0,8.0,8.0,8.0,8.0,8.0,8.0,8.0,8.0,8.0,7.0,7.0,Business 30,2019-12-30,8.0,8.0,6.0,7.0,4.0,8.0,8.0,8.0,8.0,8.0,8.0,8.0
Mari Lotterington,Ely Kely,4,1,2,5,3,2,4.0,1.0,5.0,6.0,2.0,2.0,1.0,2.0,5.0,5.0,2.0,2.0,7.0,7.0,6.0,4.0,5.0,6.0,6.0,8.0,4.0,7.0,7.0,7.0,8.0,5.0,8.0,3.0,6.0,4.0,8.0,7.0,7.0,7.0,8.0,8.0,7.0,5.0,8.0,8.0,7.0,8.0,Business 30,2019-12-30,6.0,8.0,7.0,8.0,5.0,8.0,8.0,8.0,8.0,8.0,8.0,8.0
Jacquelynn Savin,Ely Kely,1,2,5,5,1,2,3.0,3.0,3.0,3.0,7.0,6.0,5.0,2.0,2.0,6.0,2.0,5.0,8.0,5.0,5.0,3.0,8.0,8.0,5.0,7.0,4.0,4.0,8.0,6.0,7.0,8.0,8.0,5.0,6.0,4.0,8.0,8.0,8.0,8.0,6.0,4.0,8.0,8.0,6.0,8.0,8.0,8.0,Business 30,2019-12-30,8.0,8.0,8.0,8.0,8.0,8.0,8.0,8.0,8.0,8.0,8.0,8.0
Ives Weddell,Ely Kely,4,2,2,2,1,4,3.0,3.0,1.0,2.0,5.0,2.0,3.0,2.0,5.0,1.0,3.0,1.0,8.0,8.0,8.0,4.0,7.0,7.0,4.0,7.0,6.0,4.0,3.0,8.0,6.0,7.0,4.0,1.0,6.0,3.0,5.0,8.0,5.0,3.0,8.0,8.0,8.0,8.0,8.0,8.0,6.0,8.0,Business 30,2019-12-30,8.0,5.0,4.0,6.0,8.0,6.0,8.0,8.0,8.0,8.0,8.0,8.0
Gerda Yuille,Ely Kely,3,4,2,2,3,4,5.0,5.0,5.0,5.0,2.0,3.0,6.0,2.0,1.0,6.0,4.0,5.0,6.0,6.0,8.0,5.0,3.0,2.0,6.0,3.0,8.0,7.0,4.0,7.0,7.0,8.0,4.0,3.0,8.0,5.0,6.0,8.0,8.0,8.0,8.0,5.0,8.0,8.0,4.0,8.0,6.0,8.0,Business 30,2019-12-30,7.0,5.0,8.0,8.0,8.0,6.0,8.0,8.0,8.0,8.0,8.0,8.0
Pyotr De Zuani,Trixie Orange,1,3,4,2,2,2,3.0,1.0,3.0,6.0,2.0,6.0,1.0,2.0,2.0,2.0,1.0,1.0,,,,,,,,,,,,,,,,,,,,,,,,,,,,,,,Data 28,2019-02-18,,,,,,,,,,,,
Vince Scott,Trixie Orange,1,1,4,3,3,4,3.0,4.0,2.0,2.0,2.0,1.0,1.0,4.0,5.0,2.0,3.0,3.0,8.0,5.0,7.0,6.0,5.0,4.0,3.0,8.0,7.0,8.0,7.0,8.0,5.0,8.0,7.0,1.0,6.0,4.0,8.0,8.0,8.0,7.0,8.0,8.0,8.0,8.0,8.0,8.0,8.0,8.0,Data 28,2019-02-18,,,,,,,,,,,,
Kellie Althorp,Trixie Orange,3,4,1,1,5,2,2.0,3.0,2.0,6.0,3.0,4.0,1.0,2.0,1.0,4.0,1.0,7.0,5.0,1.0,4.0,2.0,4.0,8.0,6.0,8.0,5.0,5.0,7.0,7.0,8.0,5.0,7.0,6.0,4.0,4.0,8.0,6.0,6.0,8.0,5.0,8.0,3.0,7.0,8.0,8.0,8.0,6.0,Data 28,2019-02-18,,,,,,,,,,,,
Aida Bothams,Trixie Orange,4,2,2,3,3,1,7.0,6.0,3.0,1.0,1.0,1.0,4.0,2.0,2.0,1.0,4.0,1.0,3.0,7.0,8.0,8.0,4.0,7.0,2.0,6.0,4.0,7.0,1.0,3.0,4.0,4.0,4.0,3.0,5.0,8.0,8.0,8.0,8.0,8.0,6.0,8.0,8.0,8.0,8.0,8.0,8.0,8.0,Data 28,2019-02-18,,,,,,,,,,,,
Nettie Civitillo,Trixie Orange,5,4,3,1,1,6,2.0,5.0,2.0,2.0,1.0,2.0,1.0,2.0,3.0,3.0,3.0,3.0,5.0,8.0,5.0,2.0,8.0,5.0,4.0,5.0,8.0,6.0,7.0,5.0,4.0,3.0,2.0,5.0,8.0,8.0,8.0,8.0,7.0,6.0,6.0,6.0,8.0,8.0,8.0,7.0,3.0,7.0,Data 28,2019-02-18,,,,,,,,,,,,
Bernadette Gerardi,Trixie Orange,6,1,3,2,2,3,2.0,5.0,4.0,1.0,4.0,3.0,1.0,4.0,1.0,3.0,5.0,2.0,5.0,8.0,8.0,5.0,5.0,7.0,8.0,8.0,7.0,8.0,3.0,8.0,1.0,8.0,5.0,8.0,8.0,2.0,7.0,8.0,8.0,7.0,8.0,7.0,8.0,8.0,8.0,8.0,8.0,8.0,Data 28,2019-02-18,,,,,,,,,,,,
Teddy Ham,Trixie Orange,4,4,2,1,4,1,4.0,4.0,5.0,3.0,4.0,2.0,3.0,3.0,3.0,4.0,4.0,8.0,5.0,2.0,5.0,3.0,3.0,7.0,5.0,6.0,4.0,8.0,1.0,8.0,4.0,6.0,6.0,2.0,6.0,7.0,8.0,7.0,8.0,8.0,7.0,5.0,8.0,7.0,8.0,8.0,8.0,8.0,Data 28,2019-02-18,,,,,,,,,,,,
Ivory Linnemann,Trixie Orange,2,1,3,1,3,4,1.0,3.0,1.0,4.0,2.0,1.0,4.0,1.0,2.0,4.0,4.0,6.0,4.0,8.0,1.0,7.0,6.0,7.0,4.0,7.0,7.0,6.0,4.0,8.0,8.0,8.0,2.0,3.0,8.0,7.0,7.0,8.0,8.0,8.0,8.0,8.0,8.0,8.0,8.0,8.0,8.0,7.0,Data 28,2019-02-18,,,,,,,,,,,,
Onida Tregear,Trixie Orange,6,3,1,5,2,2,5.0,2.0,5.0,1.0,6.0,4.0,3.0,2.0,1.0,2.0,5.0,4.0,8.0,3.0,8.0,7.0,8.0,3.0,8.0,8.0,4.0,8.0,3.0,8.0,8.0,2.0,3.0,3.0,6.0,8.0,8.0,2.0,8.0,7.0,8.0,8.0,8.0,8.0,8.0,8.0,8.0,8.0,Data 28,2019-02-18,,,,,,,,,,,,
Jacki Pinkstone,Trixie Orange,2,1,2,2,4,2,4.0,1.0,4.0,3.0,2.0,1.0,2.0,2.0,3.0,3.0,5.0,3.0,4.0,3.0,6.0,8.0,5.0,3.0,3.0,1.0,5.0,5.0,7.0,5.0,5.0,6.0,3.0,4.0,8.0,4.0,6.0,8.0,8.0,8.0,5.0,8.0,7.0,8.0,8.0,8.0,8.0,5.0,Data 28,2019-02-18,,,,,,,,,,,,
Kaleb Cappel,Trixie Orange,4,5,5,4,1,3,4.0,3.0,1.0,2.0,3.0,2.0,5.0,3.0,1.0,4.0,1.0,3.0,8.0,1.0,7.0,8.0,4.0,8.0,5.0,5.0,7.0,6.0,8.0,4.0,2.0,4.0,4.0,5.0,8.0,4.0,8.0,8.0,8.0,8.0,8.0,7.0,8.0,8.0,8.0,5.0,6.0,8.0,Data 28,2019-02-18,,,,,,,,,,,,
Gussy Mathias,John Sandbox,6,3,2,4,5,6,6.0,2.0,7.0,6.0,1.0,2.0,3.0,5.0,3.0,1.0,3.0,2.0,6.0,6.0,5.0,1.0,5.0,3.0,7.0,7.0,8.0,3.0,3.0,8.0,6.0,8.0,2.0,8.0,3.0,2.0,6.0,8.0,5.0,8.0,8.0,8.0,4.0,8.0,5.0,8.0,6.0,8.0,Data 29,2019-03-04,8.0,8.0,8.0,5.0,8.0,4.0,8.0,8.0,8.0,8.0,6.0,8.0
Shawn Bowmer,John Sandbox,8,2,2,1,3,5,1.0,2.0,2.0,1.0,8.0,3.0,1.0,5.0,2.0,2.0,1.0,1.0,4.0,7.0,6.0,4.0,6.0,8.0,8.0,8.0,4.0,7.0,6.0,4.0,7.0,8.0,4.0,5.0,4.0,5.0,8.0,8.0,7.0,8.0,8.0,8.0,8.0,8.0,8.0,8.0,8.0,8.0,Data 29,2019-03-04,8.0,8.0,7.0,7.0,8.0,7.0,8.0,7.0,8.0,8.0,8.0,8.0
Arda Disbrow,John Sandbox,2,2,4,2,2,4,5.0,3.0,5.0,2.0,1.0,1.0,7.0,6.0,1.0,3.0,4.0,2.0,6.0,7.0,7.0,4.0,5.0,6.0,8.0,4.0,4.0,4.0,8.0,6.0,8.0,7.0,8.0,5.0,7.0,8.0,5.0,6.0,8.0,8.0,5.0,8.0,7.0,8.0,8.0,8.0,5.0,8.0,Data 29,2019-03-04,6.0,8.0,3.0,8.0,8.0,8.0,8.0,8.0,8.0,8.0,8.0,8.0
El Durante,John Sandbox,2,2,5,4,3,1,3.0,5.0,3.0,2.0,3.0,1.0,3.0,4.0,2.0,1.0,2.0,4.0,8.0,8.0,8.0,6.0,4.0,8.0,8.0,2.0,6.0,2.0,6.0,3.0,7.0,7.0,2.0,8.0,3.0,8.0,8.0,8.0,4.0,8.0,8.0,3.0,7.0,8.0,8.0,8.0,8.0,8.0,Data 29,2019-03-04,8.0,8.0,8.0,8.0,8.0,8.0,8.0,8.0,8.0,8.0,8.0,8.0
Dionysus Garter,John Sandbox,3,2,1,3,4,5,4.0,1.0,3.0,2.0,6.0,1.0,3.0,2.0,2.0,2.0,1.0,3.0,7.0,7.0,6.0,8.0,4.0,8.0,6.0,7.0,2.0,8.0,4.0,4.0,7.0,2.0,5.0,4.0,2.0,8.0,7.0,8.0,8.0,8.0,7.0,8.0,8.0,5.0,6.0,6.0,8.0,6.0,Data 29,2019-03-04,7.0,6.0,8.0,6.0,8.0,8.0,8.0,8.0,8.0,8.0,8.0,8.0
Connor Gegg,John Sandbox,1,1,1,2,3,2,,,,,,,,,,,,,,,,,,,,,,,,,,,,,,,,,,,,,,,,,,,Data 29,2019-03-04,,,,,,,,,,,,
Barrie Schruurs,John Sandbox,1,5,2,1,2,2,3.0,1.0,5.0,7.0,3.0,5.0,2.0,3.0,3.0,5.0,2.0,4.0,8.0,6.0,5.0,8.0,4.0,5.0,5.0,8.0,3.0,5.0,8.0,4.0,3.0,7.0,6.0,8.0,6.0,7.0,8.0,8.0,5.0,8.0,8.0,8.0,8.0,7.0,6.0,5.0,8.0,7.0,Data 29,2019-03-04,8.0,8.0,8.0,8.0,5.0,8.0,8.0,8.0,8.0,8.0,8.0,8.0
Fletcher Ayllett,John Sandbox,1,3,2,4,2,2,3.0,3.0,2.0,4.0,4.0,4.0,1.0,1.0,4.0,3.0,4.0,1.0,7.0,6.0,6.0,8.0,7.0,6.0,4.0,8.0,8.0,8.0,4.0,4.0,8.0,8.0,7.0,6.0,8.0,6.0,2.0,8.0,8.0,8.0,6.0,8.0,8.0,8.0,5.0,8.0,8.0,6.0,Data 29,2019-03-04,8.0,8.0,8.0,6.0,8.0,8.0,8.0,8.0,8.0,8.0,8.0,8.0
Slade Cannavan,John Sandbox,5,4,2,6,3,4,5.0,3.0,4.0,6.0,2.0,3.0,3.0,2.0,3.0,3.0,3.0,1.0,4.0,5.0,7.0,8.0,7.0,8.0,8.0,3.0,6.0,6.0,8.0,5.0,7.0,7.0,8.0,8.0,6.0,2.0,7.0,8.0,8.0,8.0,8.0,8.0,8.0,8.0,8.0,8.0,8.0,4.0,Data 29,2019-03-04,7.0,8.0,8.0,4.0,6.0,8.0,8.0,8.0,2.0,8.0,8.0,8.0
Bert Spall,John Sandbox,3,3,6,3,7,1,3.0,1.0,3.0,3.0,4.0,2.0,1.0,1.0,3.0,3.0,4.0,3.0,6.0,8.0,8.0,6.0,6.0,3.0,8.0,8.0,5.0,8.0,3.0,6.0,6.0,3.0,5.0,5.0,7.0,3.0,8.0,7.0,6.0,7.0,6.0,8.0,7.0,4.0,8.0,6.0,8.0,7.0,Data 29,2019-03-04,5.0,4.0,8.0,6.0,8.0,8.0,8.0,8.0,8.0,8.0,8.0,8.0
Denyse Worley,Edward Reinhart,4,3,2,1,6,1,3.0,1.0,5.0,5.0,1.0,4.0,5.0,2.0,5.0,4.0,1.0,5.0,3.0,8.0,5.0,3.0,6.0,3.0,3.0,8.0,5.0,5.0,6.0,3.0,4.0,8.0,3.0,5.0,6.0,8.0,7.0,8.0,8.0,8.0,8.0,8.0,8.0,8.0,5.0,8.0,8.0,8.0,Data 30,2019-04-08,,,,,,,,,,,,
Jard Antonowicz,Edward Reinhart,1,5,5,3,2,3,2.0,3.0,4.0,2.0,1.0,3.0,1.0,3.0,4.0,2.0,2.0,5.0,8.0,5.0,7.0,1.0,4.0,5.0,6.0,6.0,8.0,8.0,5.0,7.0,4.0,3.0,4.0,7.0,5.0,8.0,8.0,8.0,7.0,7.0,6.0,8.0,5.0,8.0,8.0,8.0,8.0,8.0,Data 30,2019-04-08,,,,,,,,,,,,
Burtie Clubley,Edward Reinhart,7,1,5,1,3,4,2.0,4.0,2.0,4.0,1.0,3.0,2.0,2.0,5.0,2.0,5.0,3.0,6.0,8.0,3.0,5.0,8.0,2.0,8.0,8.0,8.0,7.0,3.0,8.0,4.0,5.0,3.0,4.0,8.0,4.0,8.0,8.0,8.0,8.0,6.0,5.0,8.0,7.0,5.0,8.0,7.0,8.0,Data 30,2019-04-08,,,,,,,,,,,,
Idaline Gadeaux,Edward Reinhart,2,3,4,1,4,4,6.0,5.0,2.0,2.0,1.0,2.0,2.0,5.0,2.0,3.0,3.0,1.0,3.0,3.0,6.0,8.0,8.0,3.0,6.0,4.0,8.0,6.0,4.0,6.0,6.0,4.0,7.0,4.0,4.0,1.0,5.0,8.0,6.0,5.0,6.0,4.0,8.0,7.0,8.0,8.0,8.0,7.0,Data 30,2019-04-08,,,,,,,,,,,,
Gaspard Dunn,Edward Reinhart,1,1,3,4,3,4,1.0,1.0,3.0,4.0,2.0,2.0,1.0,1.0,4.0,3.0,3.0,4.0,6.0,8.0,3.0,7.0,7.0,5.0,8.0,5.0,2.0,8.0,8.0,7.0,8.0,4.0,8.0,7.0,4.0,5.0,4.0,8.0,8.0,8.0,8.0,8.0,8.0,2.0,8.0,8.0,8.0,7.0,Data 30,2019-04-08,,,,,,,,,,,,
Reg Mcreynold,Edward Reinhart,1,3,2,1,2,3,4.0,4.0,3.0,3.0,3.0,1.0,3.0,2.0,6.0,3.0,4.0,1.0,8.0,3.0,7.0,6.0,8.0,1.0,7.0,4.0,8.0,6.0,4.0,5.0,7.0,5.0,6.0,2.0,8.0,3.0,3.0,6.0,8.0,8.0,8.0,8.0,6.0,8.0,8.0,8.0,8.0,8.0,Data 30,2019-04-08,,,,,,,,,,,,
Penni Grioli,Edward Reinhart,3,3,2,5,4,4,3.0,1.0,2.0,4.0,1.0,1.0,2.0,4.0,3.0,2.0,3.0,4.0,1.0,2.0,7.0,6.0,7.0,5.0,8.0,4.0,6.0,7.0,8.0,6.0,8.0,8.0,6.0,7.0,8.0,8.0,8.0,8.0,8.0,8.0,8.0,6.0,7.0,8.0,8.0,7.0,8.0,4.0,Data 30,2019-04-08,,,,,,,,,,,,
Kial Gowdy,Edward Reinhart,3,2,3,3,1,2,1.0,2.0,4.0,5.0,3.0,5.0,3.0,4.0,7.0,2.0,7.0,1.0,8.0,8.0,6.0,2.0,1.0,4.0,2.0,2.0,7.0,1.0,1.0,8.0,6.0,3.0,8.0,3.0,4.0,6.0,8.0,6.0,8.0,5.0,8.0,8.0,6.0,8.0,6.0,8.0,8.0,8.0,Data 30,2019-04-08,,,,,,,,,,,,
Haskell Mcdonnell,Edward Reinhart,5,1,1,4,4,1,2.0,4.0,1.0,3.0,6.0,1.0,1.0,5.0,4.0,1.0,2.0,3.0,8.0,3.0,5.0,6.0,8.0,7.0,5.0,2.0,5.0,8.0,4.0,3.0,3.0,7.0,1.0,6.0,4.0,7.0,8.0,7.0,8.0,8.0,5.0,6.0,8.0,8.0,8.0,8.0,8.0,8.0,Data 30,2019-04-08,,,,,,,,,,,,
Jeffy Dudding,Edward Reinhart,2,3,4,2,2,3,5.0,2.0,5.0,2.0,1.0,2.0,1.0,2.0,3.0,4.0,1.0,2.0,5.0,5.0,4.0,8.0,8.0,7.0,6.0,5.0,8.0,5.0,7.0,8.0,7.0,6.0,8.0,5.0,3.0,6.0,8.0,8.0,8.0,8.0,8.0,8.0,6.0,8.0,8.0,6.0,6.0,7.0,Data 30,2019-04-08,,,,,,,,,,,,
Damaris Vallance,Edward Reinhart,4,5,3,2,3,2,3.0,2.0,5.0,4.0,1.0,1.0,6.0,3.0,2.0,3.0,1.0,4.0,8.0,5.0,8.0,8.0,4.0,8.0,8.0,3.0,1.0,3.0,8.0,5.0,4.0,4.0,8.0,4.0,5.0,4.0,8.0,7.0,7.0,8.0,8.0,8.0,8.0,7.0,8.0,8.0,8.0,8.0,Data 30,2019-04-08,,,,,,,,,,,,
Stacee Kidson,Edward Reinhart,2,3,2,3,1,3,5.0,5.0,1.0,4.0,4.0,1.0,2.0,3.0,3.0,3.0,1.0,6.0,4.0,7.0,2.0,6.0,5.0,6.0,6.0,6.0,4.0,7.0,5.0,8.0,7.0,2.0,5.0,8.0,7.0,7.0,8.0,8.0,8.0,8.0,8.0,8.0,8.0,7.0,8.0,8.0,6.0,8.0,Data 30,2019-04-08,,,,,,,,,,,,
Anica Vallis,Edward Reinhart,1,5,4,2,7,4,5.0,4.0,2.0,4.0,3.0,6.0,4.0,4.0,5.0,3.0,2.0,8.0,6.0,8.0,8.0,6.0,6.0,3.0,3.0,6.0,8.0,8.0,4.0,7.0,8.0,7.0,5.0,5.0,8.0,5.0,7.0,8.0,8.0,6.0,8.0,6.0,8.0,4.0,8.0,8.0,8.0,8.0,Data 30,2019-04-08,,,,,,,,,,,,
Emmey Wadforth,Lucy Foster,4,1,7,3,2,1,1.0,1.0,3.0,2.0,1.0,4.0,2.0,3.0,2.0,2.0,2.0,1.0,8.0,5.0,4.0,3.0,8.0,5.0,2.0,4.0,8.0,6.0,7.0,3.0,3.0,2.0,4.0,1.0,4.0,4.0,8.0,8.0,7.0,8.0,8.0,4.0,5.0,7.0,5.0,5.0,8.0,8.0,Data 31,2019-05-20,5.0,6.0,8.0,8.0,8.0,8.0,8.0,7.0,8.0,8.0,8.0,8.0
Sayer Weedon,Lucy Foster,1,5,7,1,3,2,6.0,1.0,5.0,3.0,1.0,3.0,4.0,5.0,4.0,2.0,3.0,1.0,7.0,2.0,8.0,8.0,7.0,5.0,4.0,8.0,4.0,8.0,8.0,8.0,3.0,5.0,2.0,4.0,6.0,2.0,3.0,7.0,6.0,7.0,8.0,8.0,8.0,8.0,8.0,8.0,8.0,7.0,Data 31,2019-05-20,8.0,8.0,8.0,8.0,8.0,8.0,8.0,8.0,8.0,8.0,8.0,8.0
Norbie Iacobucci,Lucy Foster,2,2,1,2,3,1,,,,,,,,,,,,,,,,,,,,,,,,,,,,,,,,,,,,,,,,,,,Data 31,2019-05-20,,,,,,,,,,,,
Lynnell Samber,Lucy Foster,4,5,1,4,5,2,1.0,3.0,3.0,5.0,3.0,4.0,4.0,4.0,3.0,3.0,3.0,3.0,5.0,6.0,8.0,2.0,5.0,7.0,6.0,5.0,6.0,5.0,8.0,7.0,5.0,6.0,8.0,5.0,2.0,8.0,3.0,8.0,5.0,3.0,6.0,8.0,8.0,8.0,7.0,7.0,8.0,8.0,Data 31,2019-05-20,8.0,8.0,6.0,8.0,8.0,8.0,6.0,8.0,8.0,6.0,8.0,8.0
Hogan Bushnell,Lucy Foster,1,3,3,2,5,4,4.0,2.0,5.0,4.0,2.0,3.0,1.0,3.0,3.0,8.0,8.0,3.0,6.0,2.0,5.0,4.0,4.0,7.0,8.0,5.0,4.0,7.0,8.0,8.0,5.0,7.0,5.0,5.0,5.0,3.0,7.0,8.0,3.0,4.0,7.0,8.0,8.0,7.0,8.0,4.0,8.0,8.0,Data 31,2019-05-20,8.0,8.0,8.0,8.0,8.0,8.0,8.0,8.0,8.0,8.0,5.0,8.0
Scott Duny,Lucy Foster,1,7,5,1,1,3,3.0,2.0,2.0,3.0,4.0,1.0,2.0,5.0,1.0,2.0,1.0,3.0,7.0,7.0,7.0,6.0,5.0,4.0,7.0,7.0,6.0,7.0,6.0,8.0,5.0,2.0,7.0,7.0,3.0,5.0,8.0,5.0,5.0,8.0,7.0,8.0,8.0,8.0,8.0,8.0,4.0,4.0,Data 31,2019-05-20,8.0,8.0,8.0,2.0,8.0,8.0,8.0,8.0,8.0,8.0,8.0,8.0
Viv Newby,Lucy Foster,3,3,1,3,2,5,5.0,1.0,1.0,4.0,4.0,1.0,4.0,7.0,1.0,2.0,3.0,4.0,5.0,3.0,7.0,8.0,7.0,8.0,6.0,8.0,7.0,5.0,4.0,7.0,5.0,8.0,8.0,3.0,3.0,2.0,8.0,6.0,3.0,8.0,8.0,8.0,8.0,6.0,7.0,5.0,8.0,8.0,Data 31,2019-05-20,8.0,8.0,8.0,8.0,8.0,4.0,8.0,8.0,8.0,8.0,8.0,8.0
Louise Dowse,Lucy Foster,3,1,7,1,1,4,3.0,5.0,6.0,2.0,6.0,4.0,2.0,2.0,6.0,3.0,4.0,2.0,7.0,5.0,7.0,4.0,6.0,8.0,8.0,2.0,4.0,8.0,4.0,5.0,6.0,3.0,8.0,6.0,4.0,6.0,8.0,8.0,8.0,5.0,8.0,8.0,6.0,8.0,8.0,7.0,8.0,8.0,Data 31,2019-05-20,8.0,5.0,5.0,8.0,8.0,8.0,8.0,8.0,8.0,8.0,8.0,8.0
Haroun Mccrohon,Lucy Foster,2,5,3,6,5,4,3.0,2.0,1.0,3.0,1.0,2.0,1.0,3.0,3.0,2.0,6.0,1.0,4.0,4.0,2.0,8.0,8.0,8.0,7.0,8.0,7.0,8.0,3.0,8.0,7.0,8.0,7.0,7.0,7.0,3.0,7.0,8.0,8.0,8.0,5.0,8.0,8.0,5.0,8.0,8.0,8.0,8.0,Data 31,2019-05-20,8.0,8.0,7.0,8.0,8.0,8.0,8.0,8.0,8.0,8.0,8.0,8.0
Devan Claricoats,Lucy Foster,3,2,2,4,4,4,2.0,2.0,2.0,1.0,5.0,3.0,2.0,3.0,5.0,1.0,1.0,2.0,5.0,8.0,5.0,8.0,5.0,6.0,5.0,7.0,3.0,6.0,6.0,5.0,5.0,4.0,8.0,7.0,8.0,1.0,8.0,8.0,8.0,8.0,7.0,8.0,6.0,8.0,8.0,8.0,8.0,4.0,Data 31,2019-05-20,7.0,8.0,8.0,8.0,8.0,5.0,8.0,8.0,8.0,8.0,7.0,8.0
Matthaeus Audas,Lucy Foster,5,4,3,3,3,2,1.0,1.0,1.0,4.0,2.0,4.0,2.0,6.0,5.0,1.0,4.0,5.0,8.0,5.0,6.0,4.0,8.0,2.0,2.0,8.0,7.0,8.0,6.0,4.0,8.0,5.0,1.0,6.0,4.0,7.0,8.0,7.0,8.0,7.0,8.0,7.0,7.0,8.0,8.0,8.0,8.0,8.0,Data 31,2019-05-20,8.0,8.0,8.0,5.0,8.0,4.0,8.0,8.0,8.0,8.0,8.0,8.0
Halsey Broader,Lucy Foster,2,1,1,6,3,2,6.0,6.0,3.0,3.0,2.0,1.0,3.0,6.0,7.0,5.0,2.0,1.0,7.0,6.0,6.0,6.0,8.0,3.0,2.0,5.0,7.0,6.0,6.0,4.0,7.0,4.0,8.0,3.0,3.0,8.0,8.0,8.0,8.0,6.0,8.0,8.0,8.0,5.0,8.0,8.0,8.0,8.0,Data 31,2019-05-20,8.0,8.0,6.0,8.0,8.0,8.0,5.0,8.0,8.0,8.0,8.0,8.0
Rina Soffe,Lucy Foster,4,3,4,4,2,5,4.0,3.0,4.0,3.0,4.0,3.0,2.0,3.0,2.0,2.0,2.0,2.0,8.0,8.0,8.0,5.0,5.0,5.0,4.0,5.0,8.0,6.0,4.0,2.0,8.0,6.0,3.0,2.0,6.0,3.0,4.0,8.0,8.0,3.0,7.0,7.0,8.0,6.0,8.0,8.0,6.0,8.0,Data 31,2019-05-20,8.0,3.0,8.0,4.0,8.0,7.0,8.0,8.0,8.0,8.0,8.0,7.0
Marcy Treat,Gina Cartwright,6,5,2,2,4,5,5.0,3.0,4.0,3.0,2.0,4.0,3.0,1.0,2.0,2.0,2.0,6.0,3.0,4.0,7.0,6.0,6.0,8.0,6.0,6.0,2.0,8.0,8.0,8.0,3.0,7.0,2.0,6.0,4.0,6.0,5.0,8.0,8.0,7.0,8.0,5.0,8.0,8.0,8.0,7.0,8.0,7.0,Data 32,2019-07-22,,,,,,,,,,,,
Heindrick Mckiddin,Gina Cartwright,5,3,2,3,3,3,1.0,3.0,3.0,1.0,2.0,3.0,5.0,2.0,7.0,1.0,4.0,5.0,5.0,5.0,8.0,5.0,5.0,2.0,4.0,4.0,8.0,8.0,1.0,8.0,5.0,7.0,6.0,8.0,4.0,6.0,8.0,6.0,8.0,6.0,7.0,8.0,5.0,7.0,5.0,8.0,5.0,4.0,Data 32,2019-07-22,,,,,,,,,,,,
Danella Winkett,Gina Cartwright,6,3,6,1,1,3,3.0,7.0,1.0,2.0,5.0,1.0,3.0,1.0,2.0,3.0,4.0,1.0,3.0,8.0,4.0,7.0,5.0,5.0,3.0,4.0,4.0,1.0,7.0,5.0,2.0,5.0,7.0,7.0,8.0,8.0,3.0,7.0,8.0,6.0,8.0,6.0,8.0,8.0,8.0,8.0,8.0,6.0,Data 32,2019-07-22,,,,,,,,,,,,
Darrin Perrelle,Gina Cartwright,3,1,2,4,6,2,3.0,5.0,7.0,6.0,2.0,3.0,7.0,2.0,2.0,5.0,3.0,2.0,6.0,2.0,6.0,7.0,3.0,8.0,8.0,5.0,4.0,2.0,6.0,6.0,5.0,8.0,8.0,8.0,7.0,5.0,8.0,8.0,8.0,5.0,6.0,6.0,3.0,8.0,2.0,7.0,8.0,8.0,Data 32,2019-07-22,,,,,,,,,,,,
Janelle Forbear,Gina Cartwright,1,4,1,3,4,6,2.0,1.0,2.0,3.0,4.0,2.0,3.0,5.0,2.0,3.0,1.0,2.0,8.0,8.0,8.0,1.0,8.0,4.0,6.0,7.0,7.0,7.0,7.0,7.0,8.0,8.0,4.0,7.0,6.0,4.0,8.0,8.0,8.0,7.0,8.0,6.0,8.0,8.0,8.0,7.0,8.0,8.0,Data 32,2019-07-22,,,,,,,,,,,,
Sorcha Argue,Gina Cartwright,1,4,2,4,5,6,2.0,1.0,1.0,2.0,6.0,6.0,3.0,5.0,3.0,2.0,2.0,2.0,8.0,3.0,8.0,7.0,8.0,7.0,4.0,6.0,7.0,6.0,5.0,7.0,4.0,6.0,8.0,5.0,5.0,6.0,8.0,8.0,6.0,8.0,8.0,8.0,6.0,8.0,8.0,8.0,8.0,8.0,Data 32,2019-07-22,,,,,,,,,,,,
Toddie Rubanenko,Gina Cartwright,6,1,3,4,3,1,1.0,1.0,4.0,4.0,6.0,1.0,3.0,2.0,3.0,1.0,3.0,4.0,5.0,6.0,4.0,1.0,8.0,3.0,8.0,8.0,7.0,8.0,7.0,8.0,8.0,6.0,5.0,3.0,7.0,8.0,8.0,8.0,8.0,8.0,8.0,6.0,8.0,8.0,6.0,7.0,8.0,7.0,Data 32,2019-07-22,,,,,,,,,,,,
Selby Floyd,Gina Cartwright,4,4,1,4,5,3,2.0,5.0,4.0,3.0,3.0,2.0,2.0,4.0,5.0,4.0,1.0,3.0,8.0,6.0,7.0,8.0,4.0,6.0,8.0,7.0,8.0,7.0,1.0,7.0,3.0,7.0,2.0,5.0,6.0,6.0,8.0,8.0,8.0,8.0,8.0,4.0,6.0,8.0,8.0,8.0,8.0,6.0,Data 32,2019-07-22,,,,,,,,,,,,
Claudio Handrick,Gina Cartwright,4,3,3,1,4,2,1.0,3.0,4.0,2.0,1.0,3.0,1.0,1.0,3.0,4.0,3.0,1.0,7.0,8.0,6.0,6.0,5.0,6.0,8.0,6.0,7.0,8.0,7.0,7.0,8.0,8.0,5.0,4.0,5.0,7.0,8.0,8.0,8.0,4.0,8.0,7.0,8.0,6.0,4.0,4.0,8.0,8.0,Data 32,2019-07-22,,,,,,,,,,,,
Kingston Comsty,Gina Cartwright,2,3,5,4,5,3,2.0,8.0,4.0,2.0,2.0,4.0,3.0,4.0,3.0,3.0,7.0,1.0,7.0,5.0,7.0,6.0,5.0,8.0,4.0,8.0,8.0,8.0,3.0,5.0,7.0,6.0,8.0,4.0,5.0,8.0,8.0,8.0,8.0,8.0,8.0,7.0,8.0,8.0,5.0,8.0,8.0,5.0,Data 32,2019-07-22,,,,,,,,,,,,
Benedikt Cohani,Gina Cartwright,2,1,2,4,1,8,6.0,1.0,4.0,3.0,1.0,1.0,4.0,6.0,3.0,6.0,3.0,1.0,5.0,6.0,7.0,8.0,8.0,4.0,8.0,8.0,7.0,6.0,6.0,7.0,5.0,8.0,6.0,7.0,3.0,8.0,8.0,8.0,7.0,8.0,5.0,8.0,8.0,8.0,8.0,8.0,8.0,8.0,Data 32,2019-07-22,,,,,,,,,,,,
Morgen Lilywhite,Gina Cartwright,3,2,4,4,4,4,2.0,5.0,1.0,4.0,3.0,3.0,3.0,4.0,2.0,1.0,3.0,4.0,6.0,8.0,8.0,5.0,4.0,8.0,6.0,7.0,8.0,5.0,6.0,2.0,6.0,5.0,8.0,5.0,8.0,8.0,5.0,8.0,8.0,8.0,7.0,8.0,7.0,8.0,8.0,8.0,6.0,8.0,Data 32,2019-07-22,,,,,,,,,,,,
Job Restall,Gina Cartwright,3,3,2,2,2,4,2.0,3.0,1.0,5.0,3.0,4.0,1.0,4.0,3.0,2.0,3.0,6.0,6.0,7.0,6.0,8.0,2.0,6.0,8.0,8.0,6.0,6.0,6.0,7.0,8.0,4.0,4.0,6.0,5.0,4.0,8.0,8.0,8.0,6.0,8.0,4.0,8.0,8.0,8.0,7.0,8.0,8.0,Data 32,2019-07-22,,,,,,,,,,,,
Wilhelm Jouanet,Gina Cartwright,1,2,4,3,3,2,5.0,2.0,5.0,4.0,2.0,1.0,1.0,5.0,4.0,3.0,3.0,6.0,7.0,8.0,6.0,8.0,4.0,6.0,8.0,8.0,8.0,6.0,8.0,6.0,8.0,3.0,7.0,3.0,4.0,8.0,6.0,6.0,8.0,7.0,6.0,6.0,8.0,8.0,8.0,8.0,8.0,7.0,Data 32,2019-07-22,,,,,,,,,,,,
Malvina Whiteford,Lucy Foster,3,2,2,6,3,1,2.0,4.0,2.0,2.0,5.0,2.0,1.0,2.0,7.0,2.0,2.0,2.0,8.0,5.0,6.0,7.0,7.0,5.0,6.0,5.0,6.0,3.0,4.0,5.0,6.0,6.0,5.0,7.0,7.0,1.0,7.0,8.0,8.0,4.0,5.0,8.0,8.0,8.0,8.0,7.0,7.0,7.0,Data 33,2019-08-05,8.0,8.0,8.0,6.0,8.0,8.0,8.0,8.0,8.0,6.0,8.0,8.0
Belle Catherall,Lucy Foster,3,5,4,4,1,1,3.0,8.0,2.0,5.0,1.0,1.0,3.0,1.0,2.0,5.0,1.0,4.0,4.0,8.0,7.0,6.0,8.0,5.0,8.0,5.0,4.0,4.0,1.0,7.0,4.0,7.0,5.0,6.0,5.0,4.0,8.0,8.0,8.0,8.0,8.0,6.0,4.0,2.0,6.0,8.0,8.0,8.0,Data 33,2019-08-05,8.0,8.0,8.0,8.0,4.0,7.0,8.0,7.0,8.0,8.0,8.0,8.0
Ortensia Winscomb,Lucy Foster,2,2,7,1,2,2,1.0,5.0,5.0,3.0,4.0,2.0,1.0,3.0,6.0,1.0,2.0,4.0,3.0,5.0,3.0,6.0,6.0,8.0,8.0,5.0,7.0,2.0,6.0,8.0,2.0,8.0,6.0,6.0,7.0,5.0,8.0,7.0,8.0,8.0,8.0,6.0,6.0,8.0,8.0,8.0,4.0,8.0,Data 33,2019-08-05,8.0,8.0,8.0,8.0,1.0,8.0,8.0,8.0,8.0,8.0,8.0,8.0
Staffard Load,Lucy Foster,3,4,3,2,4,2,1.0,8.0,3.0,2.0,2.0,4.0,3.0,7.0,2.0,2.0,2.0,5.0,8.0,5.0,4.0,8.0,8.0,4.0,6.0,6.0,4.0,4.0,5.0,5.0,6.0,7.0,7.0,3.0,8.0,5.0,8.0,8.0,8.0,3.0,8.0,8.0,8.0,7.0,8.0,8.0,8.0,8.0,Data 33,2019-08-05,6.0,8.0,8.0,8.0,4.0,7.0,8.0,8.0,8.0,8.0,8.0,8.0
Bowie Endersby,Lucy Foster,4,5,1,2,2,3,3.0,6.0,1.0,4.0,2.0,3.0,3.0,6.0,2.0,4.0,4.0,1.0,6.0,8.0,8.0,5.0,5.0,5.0,3.0,8.0,7.0,2.0,8.0,8.0,7.0,7.0,6.0,4.0,4.0,7.0,8.0,3.0,8.0,7.0,5.0,8.0,8.0,3.0,7.0,6.0,8.0,8.0,Data 33,2019-08-05,6.0,8.0,8.0,5.0,8.0,8.0,8.0,8.0,8.0,8.0,8.0,5.0
Tonye Ambrogio,Lucy Foster,3,5,3,4,1,2,2.0,1.0,3.0,4.0,2.0,5.0,1.0,1.0,3.0,5.0,1.0,2.0,4.0,7.0,8.0,8.0,2.0,4.0,8.0,6.0,5.0,8.0,7.0,8.0,8.0,5.0,5.0,4.0,6.0,5.0,8.0,8.0,8.0,8.0,8.0,8.0,8.0,8.0,7.0,8.0,8.0,8.0,Data 33,2019-08-05,8.0,8.0,8.0,8.0,8.0,8.0,8.0,8.0,8.0,8.0,8.0,8.0
Celina Polley,Lucy Foster,2,3,3,6,2,2,2.0,2.0,7.0,3.0,1.0,5.0,2.0,3.0,3.0,8.0,3.0,2.0,6.0,7.0,7.0,6.0,8.0,6.0,8.0,8.0,4.0,6.0,5.0,8.0,5.0,6.0,4.0,6.0,8.0,6.0,8.0,2.0,8.0,8.0,8.0,8.0,8.0,6.0,8.0,8.0,8.0,8.0,Data 33,2019-08-05,8.0,6.0,4.0,5.0,8.0,6.0,8.0,8.0,8.0,8.0,8.0,8.0
Muhammad Linn,Lucy Foster,3,3,2,3,7,1,3.0,2.0,4.0,1.0,3.0,4.0,1.0,3.0,2.0,3.0,5.0,1.0,8.0,8.0,4.0,5.0,3.0,8.0,6.0,7.0,6.0,3.0,8.0,1.0,2.0,8.0,8.0,8.0,7.0,7.0,6.0,8.0,7.0,5.0,5.0,8.0,8.0,6.0,8.0,8.0,7.0,8.0,Data 33,2019-08-05,7.0,8.0,8.0,1.0,8.0,4.0,8.0,8.0,8.0,7.0,8.0,8.0
Farica Harding,Lucy Foster,4,4,1,3,1,4,5.0,4.0,6.0,5.0,3.0,4.0,3.0,3.0,2.0,3.0,2.0,4.0,8.0,7.0,6.0,6.0,5.0,5.0,3.0,8.0,5.0,8.0,6.0,7.0,5.0,8.0,8.0,2.0,5.0,8.0,8.0,8.0,8.0,8.0,8.0,8.0,8.0,7.0,5.0,7.0,8.0,7.0,Data 33,2019-08-05,8.0,8.0,8.0,4.0,8.0,7.0,8.0,8.0,8.0,8.0,8.0,8.0
Marquita Forrington,Lucy Foster,1,1,4,1,4,1,5.0,6.0,1.0,1.0,1.0,3.0,5.0,7.0,5.0,3.0,4.0,5.0,8.0,8.0,3.0,6.0,6.0,5.0,5.0,3.0,4.0,8.0,5.0,6.0,5.0,8.0,6.0,4.0,2.0,8.0,6.0,8.0,8.0,8.0,5.0,8.0,8.0,8.0,6.0,8.0,8.0,8.0,Data 33,2019-08-05,7.0,4.0,8.0,8.0,8.0,8.0,8.0,8.0,8.0,8.0,8.0,8.0
Muffin Jandel,Lucy Foster,5,4,3,5,3,1,3.0,3.0,5.0,2.0,1.0,3.0,1.0,1.0,2.0,2.0,1.0,3.0,,,,,,,,,,,,,,,,,,,,,,,,,,,,,,,Data 33,2019-08-05,,,,,,,,,,,,
Nadya Pineaux,Lucy Foster,5,2,1,4,2,4,3.0,4.0,5.0,1.0,1.0,3.0,5.0,5.0,6.0,4.0,1.0,1.0,6.0,6.0,2.0,8.0,3.0,8.0,8.0,3.0,7.0,4.0,8.0,8.0,8.0,8.0,8.0,8.0,5.0,4.0,7.0,8.0,8.0,6.0,8.0,8.0,8.0,4.0,8.0,8.0,8.0,8.0,Data 33,2019-08-05,8.0,6.0,6.0,8.0,8.0,8.0,8.0,8.0,8.0,8.0,8.0,8.0
Dewitt Milborn,Lucy Foster,1,2,2,1,1,2,,,,,,,,,,,,,,,,,,,,,,,,,,,,,,,,,,,,,,,,,,,Data 33,2019-08-05,,,,,,,,,,,,
Levy Standage,Lucy Foster,1,3,8,2,2,5,2.0,6.0,4.0,5.0,2.0,7.0,3.0,2.0,3.0,2.0,1.0,3.0,8.0,3.0,8.0,1.0,6.0,4.0,8.0,8.0,1.0,8.0,7.0,6.0,8.0,8.0,8.0,4.0,5.0,8.0,8.0,8.0,8.0,8.0,8.0,5.0,8.0,8.0,8.0,8.0,8.0,8.0,Data 33,2019-08-05,7.0,3.0,8.0,8.0,8.0,8.0,8.0,8.0,8.0,8.0,7.0,8.0
Silvain Kuhwald,Lucy Foster,4,4,1,4,5,4,3.0,5.0,1.0,5.0,3.0,4.0,3.0,3.0,5.0,1.0,4.0,2.0,8.0,4.0,3.0,6.0,4.0,6.0,5.0,6.0,4.0,6.0,7.0,6.0,6.0,6.0,6.0,5.0,7.0,3.0,8.0,8.0,8.0,8.0,8.0,8.0,8.0,8.0,8.0,8.0,8.0,8.0,Data 34,2019-08-19,8.0,8.0,6.0,8.0,4.0,8.0,8.0,8.0,8.0,8.0,8.0,8.0
Aguie Morrad,Lucy Foster,6,2,1,5,6,5,4.0,1.0,5.0,5.0,4.0,3.0,1.0,2.0,1.0,3.0,5.0,1.0,7.0,8.0,8.0,3.0,4.0,5.0,8.0,5.0,7.0,4.0,4.0,8.0,1.0,6.0,7.0,5.0,8.0,5.0,3.0,6.0,6.0,8.0,8.0,8.0,8.0,5.0,8.0,8.0,8.0,8.0,Data 34,2019-08-19,8.0,7.0,8.0,8.0,8.0,8.0,8.0,8.0,8.0,6.0,8.0,8.0
Bertram Esgate,Lucy Foster,2,4,3,1,4,3,3.0,2.0,3.0,1.0,4.0,2.0,3.0,8.0,1.0,2.0,1.0,1.0,8.0,3.0,7.0,1.0,8.0,6.0,5.0,8.0,3.0,6.0,8.0,5.0,3.0,7.0,3.0,7.0,7.0,8.0,8.0,5.0,7.0,8.0,8.0,8.0,8.0,6.0,5.0,5.0,4.0,7.0,Data 34,2019-08-19,8.0,8.0,8.0,4.0,8.0,8.0,8.0,7.0,8.0,8.0,8.0,8.0
Marlon Reside,Lucy Foster,5,2,1,3,1,6,8.0,5.0,3.0,1.0,4.0,2.0,1.0,3.0,5.0,3.0,1.0,4.0,4.0,6.0,5.0,7.0,4.0,4.0,7.0,6.0,7.0,4.0,4.0,7.0,8.0,6.0,6.0,6.0,2.0,5.0,6.0,6.0,8.0,8.0,6.0,8.0,8.0,8.0,8.0,8.0,8.0,8.0,Data 34,2019-08-19,8.0,5.0,4.0,8.0,8.0,8.0,8.0,8.0,8.0,8.0,8.0,8.0
Micheal Di Matteo,Lucy Foster,2,3,3,1,3,5,2.0,4.0,1.0,1.0,5.0,1.0,2.0,4.0,4.0,3.0,1.0,3.0,3.0,8.0,7.0,8.0,8.0,5.0,1.0,6.0,5.0,3.0,7.0,8.0,8.0,8.0,5.0,3.0,7.0,6.0,8.0,8.0,3.0,7.0,8.0,8.0,4.0,3.0,8.0,7.0,6.0,8.0,Data 34,2019-08-19,8.0,5.0,8.0,8.0,6.0,8.0,8.0,8.0,6.0,8.0,8.0,8.0
Regina Calver,Lucy Foster,3,4,2,7,6,1,2.0,3.0,6.0,5.0,2.0,1.0,3.0,2.0,2.0,5.0,3.0,7.0,4.0,4.0,8.0,1.0,7.0,8.0,5.0,6.0,5.0,4.0,8.0,3.0,8.0,5.0,7.0,4.0,8.0,8.0,4.0,8.0,8.0,3.0,7.0,8.0,7.0,8.0,8.0,8.0,8.0,8.0,Data 34,2019-08-19,6.0,8.0,8.0,7.0,8.0,8.0,8.0,8.0,8.0,8.0,8.0,8.0
Jodie Kaygill,Lucy Foster,3,2,1,2,4,1,2.0,3.0,3.0,3.0,3.0,1.0,2.0,1.0,2.0,7.0,3.0,2.0,3.0,6.0,8.0,2.0,4.0,8.0,7.0,5.0,5.0,3.0,8.0,4.0,8.0,8.0,5.0,8.0,4.0,6.0,8.0,4.0,8.0,8.0,4.0,7.0,8.0,8.0,8.0,8.0,7.0,8.0,Data 34,2019-08-19,7.0,8.0,8.0,8.0,8.0,8.0,8.0,8.0,8.0,8.0,8.0,6.0
Ingunna Adin,Lucy Foster,3,1,4,4,1,3,1.0,3.0,3.0,3.0,2.0,2.0,4.0,4.0,3.0,1.0,8.0,1.0,4.0,8.0,7.0,6.0,8.0,5.0,4.0,8.0,6.0,8.0,7.0,4.0,8.0,7.0,8.0,3.0,4.0,7.0,7.0,3.0,8.0,8.0,8.0,6.0,7.0,8.0,8.0,8.0,5.0,6.0,Data 34,2019-08-19,4.0,8.0,8.0,8.0,6.0,8.0,8.0,8.0,8.0,8.0,8.0,8.0
Carlos Gerckens,Lucy Foster,1,3,4,4,3,2,1.0,2.0,4.0,5.0,3.0,7.0,4.0,2.0,2.0,1.0,3.0,1.0,4.0,4.0,6.0,7.0,8.0,8.0,4.0,5.0,7.0,8.0,4.0,6.0,3.0,8.0,3.0,8.0,4.0,6.0,6.0,8.0,5.0,6.0,6.0,7.0,8.0,6.0,8.0,8.0,8.0,8.0,Data 34,2019-08-19,8.0,8.0,7.0,8.0,8.0,8.0,8.0,8.0,8.0,8.0,8.0,8.0
Sherline Cudihy,Lucy Foster,3,4,4,8,1,4,3.0,6.0,4.0,4.0,3.0,4.0,1.0,2.0,2.0,3.0,1.0,4.0,6.0,8.0,6.0,5.0,8.0,2.0,5.0,4.0,8.0,3.0,8.0,5.0,5.0,7.0,5.0,8.0,5.0,2.0,8.0,5.0,8.0,7.0,7.0,8.0,8.0,8.0,8.0,6.0,5.0,8.0,Data 34,2019-08-19,8.0,8.0,8.0,8.0,5.0,8.0,8.0,8.0,8.0,8.0,8.0,8.0
Trudie Kiellor,Lucy Foster,5,3,5,7,2,4,3.0,1.0,2.0,4.0,3.0,2.0,2.0,4.0,1.0,3.0,2.0,3.0,4.0,6.0,5.0,3.0,8.0,4.0,3.0,5.0,6.0,5.0,8.0,4.0,2.0,8.0,2.0,8.0,8.0,6.0,3.0,6.0,8.0,7.0,8.0,8.0,6.0,8.0,8.0,8.0,8.0,8.0,Data 34,2019-08-19,6.0,8.0,8.0,8.0,7.0,8.0,8.0,8.0,8.0,8.0,8.0,8.0
Edvard Northen,Lucy Foster,3,5,4,3,2,7,5.0,3.0,1.0,3.0,1.0,4.0,2.0,2.0,3.0,5.0,1.0,2.0,7.0,7.0,4.0,8.0,6.0,6.0,6.0,7.0,4.0,2.0,8.0,4.0,8.0,2.0,6.0,8.0,3.0,2.0,8.0,8.0,7.0,8.0,6.0,8.0,3.0,8.0,7.0,6.0,7.0,8.0,Data 35,2019-09-23,8.0,6.0,6.0,8.0,7.0,8.0,8.0,8.0,8.0,8.0,8.0,8.0
Alwin Bullman,Lucy Foster,2,2,4,2,3,3,5.0,2.0,1.0,3.0,1.0,2.0,6.0,4.0,5.0,1.0,2.0,3.0,5.0,5.0,3.0,6.0,5.0,8.0,8.0,3.0,8.0,8.0,3.0,6.0,5.0,8.0,6.0,6.0,8.0,4.0,8.0,3.0,8.0,5.0,5.0,8.0,8.0,8.0,5.0,8.0,4.0,5.0,Data 35,2019-09-23,7.0,8.0,8.0,8.0,5.0,8.0,8.0,8.0,8.0,8.0,8.0,8.0
Bob Rogerson,Lucy Foster,2,4,1,3,3,5,2.0,3.0,2.0,3.0,8.0,1.0,6.0,3.0,2.0,5.0,4.0,1.0,6.0,5.0,5.0,5.0,5.0,8.0,4.0,3.0,5.0,4.0,5.0,2.0,7.0,6.0,2.0,3.0,8.0,7.0,5.0,8.0,8.0,6.0,8.0,8.0,8.0,5.0,8.0,8.0,3.0,8.0,Data 35,2019-09-23,7.0,8.0,4.0,8.0,8.0,8.0,8.0,8.0,8.0,8.0,8.0,8.0
Kerr Coucha,Lucy Foster,3,5,3,2,3,5,2.0,5.0,4.0,3.0,3.0,4.0,3.0,3.0,4.0,4.0,5.0,5.0,6.0,5.0,8.0,4.0,2.0,8.0,8.0,3.0,6.0,5.0,7.0,5.0,8.0,5.0,8.0,8.0,6.0,2.0,8.0,6.0,8.0,5.0,8.0,6.0,8.0,8.0,8.0,7.0,8.0,7.0,Data 35,2019-09-23,5.0,8.0,5.0,8.0,7.0,8.0,8.0,8.0,8.0,8.0,8.0,8.0
Nancie Mehaffey,Lucy Foster,4,4,5,3,2,1,1.0,5.0,6.0,1.0,1.0,1.0,3.0,5.0,2.0,2.0,8.0,2.0,8.0,8.0,6.0,8.0,8.0,7.0,6.0,5.0,4.0,6.0,4.0,7.0,4.0,5.0,8.0,6.0,5.0,5.0,8.0,8.0,8.0,8.0,8.0,8.0,8.0,4.0,8.0,8.0,8.0,7.0,Data 35,2019-09-23,8.0,8.0,8.0,5.0,8.0,8.0,8.0,8.0,8.0,8.0,8.0,8.0
Violet Luscombe,Lucy Foster,4,7,2,1,4,2,4.0,5.0,6.0,4.0,3.0,5.0,3.0,8.0,4.0,3.0,4.0,5.0,7.0,8.0,8.0,8.0,5.0,7.0,8.0,8.0,8.0,5.0,5.0,8.0,8.0,8.0,8.0,6.0,7.0,6.0,4.0,8.0,8.0,7.0,6.0,5.0,7.0,8.0,8.0,8.0,8.0,8.0,Data 35,2019-09-23,8.0,8.0,8.0,8.0,8.0,8.0,8.0,8.0,8.0,8.0,8.0,8.0
Cora Klausewitz,Lucy Foster,3,1,2,2,3,2,1.0,2.0,3.0,1.0,4.0,3.0,2.0,5.0,2.0,1.0,4.0,3.0,6.0,7.0,5.0,8.0,8.0,3.0,7.0,6.0,6.0,8.0,4.0,6.0,7.0,8.0,5.0,5.0,6.0,8.0,6.0,8.0,2.0,8.0,6.0,8.0,8.0,8.0,6.0,8.0,8.0,8.0,Data 35,2019-09-23,8.0,8.0,8.0,7.0,8.0,7.0,8.0,8.0,8.0,8.0,8.0,8.0
Scarface Gallihaulk,Lucy Foster,8,2,2,1,2,1,3.0,2.0,7.0,3.0,2.0,7.0,1.0,5.0,2.0,3.0,4.0,2.0,4.0,8.0,8.0,8.0,7.0,6.0,8.0,6.0,8.0,3.0,7.0,8.0,4.0,5.0,4.0,7.0,2.0,8.0,8.0,8.0,5.0,8.0,5.0,8.0,7.0,6.0,8.0,8.0,6.0,8.0,Data 35,2019-09-23,8.0,8.0,8.0,8.0,4.0,8.0,8.0,8.0,7.0,8.0,8.0,8.0
Anna Lamperti,Lucy Foster,5,3,2,2,5,4,3.0,2.0,1.0,3.0,2.0,3.0,1.0,1.0,4.0,5.0,4.0,5.0,8.0,7.0,8.0,8.0,8.0,8.0,7.0,8.0,4.0,8.0,8.0,8.0,6.0,7.0,7.0,4.0,4.0,4.0,6.0,8.0,7.0,6.0,8.0,4.0,8.0,8.0,8.0,5.0,6.0,8.0,Data 35,2019-09-23,8.0,8.0,8.0,8.0,8.0,7.0,8.0,8.0,8.0,8.0,8.0,7.0
Collin Commins,Lucy Foster,2,4,4,4,5,1,2.0,2.0,3.0,6.0,3.0,3.0,2.0,2.0,3.0,2.0,3.0,4.0,4.0,5.0,8.0,8.0,6.0,6.0,6.0,6.0,3.0,8.0,8.0,2.0,7.0,7.0,7.0,4.0,8.0,4.0,8.0,8.0,8.0,8.0,8.0,8.0,8.0,4.0,8.0,8.0,8.0,8.0,Data 35,2019-09-23,8.0,8.0,4.0,8.0,6.0,8.0,8.0,8.0,8.0,8.0,5.0,8.0
Chrissy Bartholin,Lucy Foster,2,4,1,3,4,3,2.0,1.0,1.0,2.0,1.0,3.0,,,,,,,,,,,,,,,,,,,,,,,,,,,,,,,,,,,,,Data 35,2019-09-23,,,,,,,,,,,,
Baird Reynoollds,Lucy Foster,4,3,1,1,1,5,2.0,3.0,1.0,2.0,1.0,3.0,5.0,3.0,1.0,3.0,3.0,1.0,2.0,8.0,3.0,4.0,8.0,8.0,8.0,8.0,6.0,3.0,3.0,6.0,4.0,6.0,1.0,8.0,7.0,8.0,5.0,8.0,8.0,7.0,8.0,8.0,8.0,7.0,4.0,7.0,8.0,1.0,Data 35,2019-09-23,8.0,8.0,8.0,7.0,8.0,5.0,8.0,8.0,8.0,8.0,8.0,8.0
Vasili Cartledge,Lucy Foster,3,2,3,2,2,5,4.0,4.0,1.0,3.0,1.0,4.0,1.0,4.0,6.0,2.0,1.0,2.0,7.0,8.0,5.0,5.0,3.0,2.0,6.0,4.0,4.0,3.0,5.0,4.0,5.0,7.0,5.0,3.0,3.0,7.0,8.0,8.0,8.0,8.0,8.0,3.0,8.0,8.0,8.0,7.0,8.0,8.0,Data 35,2019-09-23,8.0,8.0,8.0,8.0,4.0,8.0,8.0,8.0,8.0,8.0,8.0,8.0
Otes Kemster,Gina Cartwright,1,3,2,4,6,2,1.0,1.0,6.0,4.0,3.0,3.0,4.0,8.0,2.0,4.0,7.0,1.0,6.0,4.0,8.0,8.0,6.0,8.0,8.0,5.0,6.0,8.0,3.0,8.0,6.0,7.0,3.0,6.0,8.0,8.0,8.0,8.0,8.0,6.0,5.0,8.0,8.0,8.0,8.0,8.0,8.0,8.0,Data 36,2019-10-28,8.0,8.0,8.0,8.0,8.0,7.0,6.0,8.0,8.0,8.0,8.0,8.0
Kahaleel Tatem,Gina Cartwright,5,3,4,3,4,3,3.0,2.0,1.0,2.0,6.0,4.0,1.0,2.0,4.0,5.0,3.0,5.0,4.0,7.0,3.0,7.0,4.0,6.0,8.0,7.0,8.0,7.0,6.0,7.0,6.0,6.0,8.0,7.0,4.0,8.0,8.0,8.0,8.0,8.0,8.0,8.0,2.0,8.0,6.0,8.0,4.0,8.0,Data 36,2019-10-28,4.0,8.0,8.0,8.0,8.0,8.0,8.0,8.0,8.0,8.0,8.0,8.0
Antonetta Rustedge,Gina Cartwright,3,3,5,4,2,4,1.0,3.0,3.0,3.0,2.0,4.0,7.0,1.0,1.0,3.0,4.0,4.0,8.0,5.0,2.0,2.0,4.0,4.0,8.0,7.0,6.0,6.0,8.0,8.0,4.0,6.0,6.0,8.0,5.0,6.0,8.0,5.0,8.0,7.0,8.0,7.0,8.0,8.0,8.0,6.0,8.0,8.0,Data 36,2019-10-28,8.0,8.0,8.0,8.0,5.0,8.0,8.0,8.0,8.0,8.0,8.0,8.0
Anestassia Gadman,Gina Cartwright,7,2,2,1,1,4,5.0,3.0,2.0,2.0,5.0,2.0,1.0,5.0,4.0,3.0,7.0,7.0,6.0,1.0,5.0,7.0,8.0,8.0,8.0,3.0,7.0,4.0,7.0,2.0,7.0,3.0,3.0,5.0,8.0,7.0,7.0,8.0,4.0,8.0,6.0,8.0,8.0,4.0,8.0,7.0,8.0,8.0,Data 36,2019-10-28,8.0,8.0,7.0,8.0,7.0,5.0,8.0,5.0,8.0,8.0,8.0,8.0
Babara Veazey,Gina Cartwright,6,4,3,4,4,3,2.0,4.0,1.0,3.0,3.0,2.0,1.0,1.0,2.0,3.0,1.0,3.0,,,,,,,,,,,,,,,,,,,,,,,,,,,,,,,Data 36,2019-10-28,,,,,,,,,,,,
Candie Senner,Gina Cartwright,2,3,3,2,4,2,3.0,3.0,2.0,3.0,4.0,1.0,3.0,1.0,1.0,1.0,3.0,2.0,,,,,,,,,,,,,,,,,,,,,,,,,,,,,,,Data 36,2019-10-28,,,,,,,,,,,,
Sydelle Russo,Gina Cartwright,1,4,5,5,1,6,4.0,2.0,1.0,1.0,1.0,6.0,6.0,3.0,2.0,2.0,3.0,2.0,8.0,8.0,3.0,5.0,8.0,6.0,5.0,5.0,6.0,4.0,4.0,6.0,4.0,8.0,7.0,3.0,4.0,6.0,8.0,8.0,8.0,6.0,4.0,8.0,8.0,8.0,8.0,4.0,8.0,5.0,Data 36,2019-10-28,8.0,8.0,8.0,8.0,4.0,7.0,8.0,8.0,8.0,8.0,8.0,8.0
Warner Harse,Gina Cartwright,3,4,3,1,6,6,1.0,1.0,5.0,6.0,1.0,2.0,2.0,3.0,1.0,2.0,1.0,3.0,6.0,1.0,1.0,3.0,8.0,5.0,5.0,5.0,3.0,5.0,5.0,8.0,5.0,5.0,7.0,5.0,5.0,7.0,8.0,8.0,8.0,8.0,8.0,8.0,8.0,8.0,7.0,8.0,6.0,7.0,Data 36,2019-10-28,6.0,8.0,8.0,7.0,6.0,8.0,8.0,8.0,8.0,8.0,8.0,8.0
Tabbatha Kullmann,Gina Cartwright,1,7,4,5,2,4,4.0,6.0,5.0,5.0,4.0,2.0,2.0,3.0,4.0,3.0,1.0,3.0,8.0,5.0,6.0,8.0,6.0,6.0,8.0,2.0,3.0,3.0,7.0,3.0,8.0,8.0,8.0,6.0,8.0,5.0,6.0,8.0,7.0,8.0,8.0,7.0,7.0,6.0,4.0,8.0,8.0,8.0,Data 36,2019-10-28,8.0,8.0,7.0,4.0,8.0,8.0,6.0,8.0,8.0,8.0,8.0,8.0
Drucie Bianco,Gina Cartwright,6,4,3,3,1,4,4.0,3.0,3.0,2.0,4.0,1.0,4.0,2.0,4.0,3.0,4.0,2.0,6.0,8.0,2.0,8.0,3.0,5.0,5.0,3.0,5.0,5.0,8.0,5.0,7.0,7.0,2.0,5.0,4.0,3.0,8.0,5.0,6.0,8.0,6.0,4.0,8.0,8.0,8.0,5.0,8.0,6.0,Data 36,2019-10-28,6.0,8.0,5.0,8.0,7.0,7.0,8.0,8.0,8.0,8.0,8.0,8.0
Malvin Penrith,Gina Cartwright,1,4,1,2,2,1,,,,,,,,,,,,,,,,,,,,,,,,,,,,,,,,,,,,,,,,,,,Data 36,2019-10-28,,,,,,,,,,,,
Clay Perillo,Gina Cartwright,1,3,6,1,4,3,5.0,8.0,3.0,4.0,2.0,5.0,4.0,5.0,3.0,3.0,1.0,5.0,1.0,3.0,7.0,6.0,7.0,7.0,5.0,7.0,7.0,6.0,1.0,5.0,4.0,8.0,5.0,2.0,7.0,5.0,8.0,8.0,8.0,8.0,6.0,5.0,8.0,8.0,8.0,8.0,5.0,8.0,Data 36,2019-10-28,2.0,8.0,8.0,6.0,8.0,8.0,8.0,8.0,8.0,8.0,8.0,6.0
Sandy Droogan,Edward Reinhart,3,2,3,4,6,1,2.0,1.0,2.0,1.0,1.0,3.0,,,,,,,,,,,,,,,,,,,,,,,,,,,,,,,,,,,,,Data 37,2019-11-18,,,,,,,,,,,,
Othilia Hutton,Edward Reinhart,1,4,1,4,4,2,1.0,3.0,6.0,3.0,2.0,6.0,2.0,1.0,4.0,2.0,1.0,2.0,5.0,6.0,6.0,6.0,8.0,7.0,3.0,8.0,4.0,8.0,4.0,5.0,8.0,6.0,6.0,4.0,3.0,4.0,6.0,8.0,5.0,8.0,7.0,7.0,8.0,8.0,8.0,8.0,8.0,7.0,Data 37,2019-11-18,7.0,3.0,7.0,8.0,8.0,8.0,8.0,8.0,8.0,8.0,8.0,8.0
Lindon Mee,Edward Reinhart,1,1,1,5,4,2,2.0,5.0,1.0,5.0,2.0,3.0,5.0,6.0,5.0,2.0,2.0,3.0,3.0,4.0,5.0,5.0,8.0,6.0,6.0,5.0,7.0,8.0,8.0,7.0,5.0,3.0,8.0,7.0,8.0,7.0,8.0,8.0,8.0,8.0,8.0,7.0,8.0,7.0,8.0,8.0,7.0,8.0,Data 37,2019-11-18,8.0,8.0,4.0,8.0,8.0,7.0,8.0,8.0,8.0,8.0,8.0,8.0
Danella Leisk,Edward Reinhart,3,4,2,4,3,2,5.0,5.0,4.0,3.0,1.0,2.0,5.0,4.0,2.0,3.0,4.0,5.0,8.0,5.0,5.0,8.0,7.0,3.0,5.0,3.0,6.0,8.0,4.0,4.0,4.0,7.0,5.0,6.0,7.0,8.0,8.0,7.0,5.0,5.0,8.0,5.0,6.0,7.0,8.0,5.0,8.0,7.0,Data 37,2019-11-18,3.0,8.0,8.0,8.0,8.0,8.0,8.0,8.0,8.0,8.0,8.0,6.0
Waylan Gors,Edward Reinhart,5,4,1,7,2,1,1.0,3.0,2.0,4.0,4.0,1.0,3.0,1.0,5.0,5.0,1.0,1.0,7.0,6.0,8.0,4.0,4.0,5.0,5.0,8.0,8.0,4.0,6.0,6.0,3.0,8.0,7.0,8.0,5.0,7.0,8.0,6.0,8.0,8.0,8.0,8.0,8.0,8.0,8.0,8.0,8.0,8.0,Data 37,2019-11-18,8.0,6.0,8.0,8.0,6.0,8.0,8.0,8.0,8.0,7.0,8.0,7.0
Gisela Andrea,Edward Reinhart,2,3,3,3,1,5,2.0,5.0,2.0,5.0,2.0,4.0,5.0,2.0,4.0,3.0,3.0,2.0,3.0,5.0,5.0,5.0,6.0,6.0,5.0,7.0,2.0,5.0,5.0,7.0,5.0,8.0,8.0,8.0,4.0,5.0,8.0,4.0,8.0,8.0,8.0,8.0,6.0,8.0,8.0,8.0,3.0,8.0,Data 37,2019-11-18,6.0,8.0,6.0,8.0,7.0,5.0,8.0,8.0,8.0,8.0,8.0,8.0
Augusta Gilfoy,Edward Reinhart,4,6,3,3,2,1,2.0,3.0,2.0,6.0,4.0,3.0,4.0,2.0,1.0,1.0,7.0,2.0,8.0,8.0,8.0,5.0,4.0,6.0,5.0,8.0,2.0,1.0,7.0,8.0,6.0,6.0,5.0,7.0,8.0,6.0,8.0,8.0,7.0,8.0,8.0,6.0,8.0,8.0,8.0,8.0,8.0,6.0,Data 37,2019-11-18,8.0,6.0,8.0,8.0,4.0,8.0,8.0,4.0,8.0,8.0,8.0,8.0
Pier Spatig,Edward Reinhart,1,5,4,3,1,1,1.0,3.0,2.0,1.0,2.0,2.0,,,,,,,,,,,,,,,,,,,,,,,,,,,,,,,,,,,,,Data 37,2019-11-18,,,,,,,,,,,,
Brenna Mcgroarty,Edward Reinhart,2,6,2,1,1,1,3.0,2.0,5.0,4.0,3.0,1.0,2.0,3.0,1.0,3.0,3.0,4.0,6.0,6.0,7.0,5.0,8.0,8.0,2.0,7.0,3.0,5.0,8.0,8.0,8.0,5.0,7.0,8.0,7.0,2.0,8.0,7.0,8.0,8.0,8.0,8.0,8.0,4.0,8.0,8.0,8.0,8.0,Data 37,2019-11-18,8.0,7.0,8.0,8.0,7.0,6.0,6.0,8.0,8.0,8.0,8.0,8.0
Susannah Bengough,John Sandbox,2,4,5,3,6,1,1.0,1.0,1.0,5.0,6.0,2.0,2.0,2.0,4.0,3.0,6.0,8.0,5.0,2.0,3.0,5.0,5.0,8.0,5.0,3.0,1.0,6.0,6.0,3.0,7.0,8.0,4.0,7.0,8.0,8.0,8.0,6.0,8.0,8.0,8.0,5.0,6.0,8.0,8.0,8.0,8.0,8.0,Data 38,2019-12-16,,,,,,,,,,,,
Madison Getch,John Sandbox,4,4,1,1,2,4,1.0,5.0,4.0,3.0,3.0,2.0,1.0,2.0,6.0,2.0,6.0,4.0,7.0,6.0,5.0,6.0,6.0,5.0,5.0,8.0,6.0,7.0,7.0,4.0,7.0,2.0,6.0,7.0,5.0,8.0,8.0,8.0,8.0,8.0,8.0,8.0,7.0,8.0,7.0,8.0,5.0,8.0,Data 38,2019-12-16,,,,,,,,,,,,
Leicester Banker,John Sandbox,3,6,4,2,4,5,3.0,7.0,4.0,1.0,1.0,5.0,5.0,3.0,5.0,1.0,7.0,3.0,1.0,4.0,7.0,4.0,6.0,8.0,8.0,3.0,4.0,8.0,8.0,5.0,7.0,7.0,2.0,6.0,6.0,8.0,6.0,8.0,4.0,8.0,6.0,8.0,8.0,8.0,8.0,8.0,7.0,3.0,Data 38,2019-12-16,,,,,,,,,,,,
Murvyn Aers,John Sandbox,4,4,4,3,5,2,1.0,1.0,4.0,7.0,2.0,3.0,5.0,4.0,3.0,3.0,3.0,2.0,6.0,7.0,4.0,7.0,8.0,4.0,6.0,5.0,6.0,8.0,6.0,8.0,5.0,4.0,6.0,6.0,6.0,8.0,7.0,7.0,8.0,6.0,7.0,8.0,8.0,6.0,6.0,5.0,8.0,8.0,Data 38,2019-12-16,,,,,,,,,,,,
Morley Battell,John Sandbox,5,1,3,2,4,3,5.0,1.0,5.0,2.0,3.0,3.0,1.0,6.0,2.0,3.0,2.0,1.0,8.0,8.0,6.0,4.0,4.0,7.0,8.0,5.0,6.0,7.0,1.0,7.0,8.0,5.0,8.0,5.0,5.0,4.0,8.0,5.0,8.0,8.0,8.0,8.0,7.0,8.0,6.0,3.0,8.0,6.0,Data 38,2019-12-16,,,,,,,,,,,,
Juliane Jacobssen,John Sandbox,5,6,1,5,2,4,5.0,3.0,5.0,8.0,1.0,3.0,4.0,1.0,1.0,1.0,2.0,4.0,3.0,7.0,6.0,6.0,8.0,2.0,3.0,4.0,1.0,3.0,6.0,5.0,6.0,6.0,6.0,6.0,6.0,5.0,6.0,8.0,4.0,4.0,8.0,8.0,6.0,8.0,8.0,6.0,8.0,2.0,Data 38,2019-12-16,,,,,,,,,,,,
Teirtza Docharty,John Sandbox,3,1,1,1,2,2,,,,,,,,,,,,,,,,,,,,,,,,,,,,,,,,,,,,,,,,,,,Data 38,2019-12-16,,,,,,,,,,,,
Arny Dobrowolny,John Sandbox,6,1,1,3,1,2,2.0,3.0,1.0,3.0,2.0,3.0,8.0,4.0,4.0,3.0,4.0,2.0,7.0,4.0,6.0,8.0,7.0,4.0,4.0,5.0,8.0,8.0,4.0,6.0,6.0,5.0,4.0,6.0,6.0,6.0,4.0,8.0,8.0,8.0,8.0,8.0,8.0,8.0,8.0,8.0,8.0,8.0,Data 38,2019-12-16,,,,,,,,,,,,
Derby Mcglashan,John Sandbox,5,1,3,4,1,2,2.0,7.0,2.0,2.0,3.0,2.0,2.0,6.0,4.0,1.0,4.0,5.0,5.0,6.0,8.0,4.0,7.0,4.0,8.0,8.0,8.0,3.0,3.0,6.0,2.0,5.0,8.0,6.0,8.0,8.0,8.0,8.0,6.0,8.0,8.0,8.0,8.0,4.0,8.0,8.0,8.0,8.0,Data 38,2019-12-16,,,,,,,,,,,,
Sharron Starling,John Sandbox,3,5,4,1,2,1,1.0,3.0,1.0,6.0,1.0,4.0,1.0,1.0,2.0,2.0,3.0,1.0,,,,,,,,,,,,,,,,,,,,,,,,,,,,,,,Data 38,2019-12-16,,,,,,,,,,,,
Amalea Harrell,John Sandbox,2,3,1,6,5,1,3.0,2.0,2.0,2.0,1.0,1.0,,,,,,,,,,,,,,,,,,,,,,,,,,,,,,,,,,,,,Data 38,2019-12-16,,,,,,,,,,,,
Finn Maasze,John Sandbox,5,3,5,3,2,2,1.0,1.0,3.0,1.0,1.0,5.0,7.0,3.0,3.0,1.0,2.0,2.0,8.0,7.0,5.0,6.0,4.0,7.0,4.0,6.0,6.0,5.0,6.0,7.0,3.0,3.0,7.0,4.0,3.0,8.0,8.0,8.0,7.0,8.0,4.0,8.0,8.0,7.0,3.0,8.0,8.0,7.0,Data 38,2019-12-16,,,,,,,,,,,,
Gianina Wandless,Trixie Orange,3,1,8,4,4,1,4.0,1.0,5.0,3.0,1.0,3.0,5.0,5.0,3.0,2.0,2.0,3.0,5.0,6.0,6.0,6.0,2.0,8.0,3.0,3.0,4.0,8.0,5.0,6.0,8.0,6.0,4.0,6.0,8.0,7.0,8.0,8.0,8.0,8.0,8.0,8.0,8.0,8.0,6.0,8.0,7.0,8.0,Data 39,2019-12-30,,,,,,,,,,,,
Kaitlyn Chagg,Trixie Orange,1,4,2,1,3,3,2.0,4.0,4.0,2.0,3.0,5.0,2.0,7.0,2.0,3.0,2.0,2.0,4.0,6.0,6.0,6.0,1.0,5.0,3.0,8.0,5.0,4.0,8.0,6.0,5.0,6.0,1.0,7.0,8.0,8.0,8.0,8.0,8.0,8.0,8.0,7.0,8.0,8.0,6.0,5.0,8.0,8.0,Data 39,2019-12-30,,,,,,,,,,,,
Scotti Bromfield,Trixie Orange,1,1,2,6,2,6,3.0,7.0,1.0,3.0,2.0,3.0,3.0,1.0,3.0,4.0,3.0,5.0,6.0,4.0,5.0,8.0,3.0,5.0,8.0,3.0,7.0,4.0,5.0,4.0,3.0,7.0,7.0,2.0,8.0,8.0,1.0,8.0,8.0,7.0,8.0,6.0,8.0,7.0,8.0,8.0,4.0,8.0,Data 39,2019-12-30,,,,,,,,,,,,
Genovera Mattek,Trixie Orange,3,3,3,1,5,2,2.0,7.0,1.0,2.0,8.0,1.0,3.0,2.0,2.0,3.0,1.0,4.0,7.0,6.0,5.0,3.0,5.0,6.0,4.0,8.0,2.0,4.0,5.0,8.0,8.0,7.0,4.0,6.0,1.0,5.0,8.0,5.0,8.0,8.0,8.0,8.0,6.0,6.0,4.0,6.0,8.0,8.0,Data 39,2019-12-30,,,,,,,,,,,,
Yorgos O'Rourke,Trixie Orange,1,6,3,5,2,5,1.0,3.0,4.0,3.0,3.0,5.0,1.0,4.0,5.0,4.0,4.0,1.0,8.0,6.0,7.0,8.0,6.0,4.0,8.0,7.0,6.0,8.0,6.0,7.0,6.0,5.0,1.0,2.0,5.0,5.0,8.0,8.0,8.0,8.0,8.0,8.0,6.0,8.0,8.0,8.0,8.0,8.0,Data 39,2019-12-30,,,,,,,,,,,,
Sigrid Veitch,Eshal Brandt,4,4,3,6,2,2,4.0,1.0,3.0,4.0,1.0,1.0,2.0,1.0,1.0,4.0,3.0,1.0,6.0,3.0,7.0,7.0,4.0,2.0,2.0,5.0,8.0,4.0,6.0,5.0,4.0,5.0,7.0,8.0,8.0,4.0,8.0,3.0,8.0,7.0,8.0,7.0,8.0,7.0,8.0,6.0,8.0,8.0,Engineering 17,2019-02-18,6.0,8.0,6.0,8.0,7.0,8.0,8.0,8.0,8.0,8.0,7.0,8.0
Rodrick Henworth,Eshal Brandt,4,4,3,3,1,4,1.0,1.0,4.0,5.0,4.0,4.0,1.0,3.0,3.0,5.0,2.0,3.0,5.0,8.0,4.0,2.0,5.0,6.0,6.0,5.0,5.0,8.0,5.0,5.0,8.0,8.0,5.0,7.0,3.0,6.0,8.0,8.0,8.0,8.0,8.0,8.0,8.0,8.0,8.0,8.0,5.0,7.0,Engineering 17,2019-02-18,8.0,8.0,8.0,7.0,8.0,5.0,8.0,8.0,8.0,8.0,8.0,8.0
Reggie Lawlor,Eshal Brandt,5,2,5,3,3,6,4.0,2.0,1.0,5.0,2.0,1.0,5.0,1.0,3.0,5.0,5.0,5.0,6.0,8.0,8.0,7.0,6.0,7.0,8.0,2.0,8.0,6.0,7.0,5.0,6.0,5.0,6.0,3.0,8.0,6.0,8.0,6.0,8.0,8.0,8.0,8.0,7.0,8.0,6.0,8.0,8.0,8.0,Engineering 17,2019-02-18,8.0,8.0,8.0,8.0,8.0,8.0,8.0,8.0,8.0,8.0,8.0,8.0
Thornton Thuillier,Eshal Brandt,3,5,4,5,2,1,1.0,2.0,1.0,3.0,1.0,5.0,4.0,4.0,2.0,2.0,2.0,2.0,4.0,4.0,4.0,7.0,4.0,4.0,8.0,5.0,4.0,8.0,8.0,1.0,6.0,5.0,4.0,5.0,7.0,6.0,8.0,8.0,5.0,7.0,8.0,8.0,6.0,2.0,6.0,8.0,8.0,8.0,Engineering 17,2019-02-18,8.0,7.0,7.0,7.0,8.0,8.0,8.0,8.0,8.0,8.0,7.0,8.0
Thomasine Poundford,Eshal Brandt,3,2,4,1,2,5,2.0,2.0,6.0,1.0,1.0,4.0,2.0,3.0,6.0,7.0,5.0,1.0,5.0,5.0,6.0,8.0,4.0,8.0,3.0,8.0,8.0,8.0,8.0,2.0,8.0,3.0,6.0,8.0,8.0,6.0,8.0,8.0,8.0,8.0,8.0,3.0,8.0,8.0,8.0,8.0,8.0,7.0,Engineering 17,2019-02-18,8.0,8.0,8.0,5.0,8.0,8.0,8.0,8.0,8.0,8.0,8.0,8.0
Wakefield Jeves,Eshal Brandt,1,5,5,4,1,3,4.0,4.0,3.0,2.0,3.0,6.0,2.0,4.0,1.0,4.0,6.0,4.0,8.0,8.0,6.0,4.0,8.0,7.0,7.0,4.0,8.0,4.0,8.0,7.0,8.0,8.0,3.0,2.0,6.0,7.0,8.0,5.0,8.0,3.0,5.0,7.0,8.0,8.0,8.0,6.0,8.0,6.0,Engineering 17,2019-02-18,8.0,8.0,8.0,3.0,4.0,7.0,8.0,8.0,8.0,8.0,8.0,8.0
Ced Danielut,Eshal Brandt,5,2,3,3,2,5,3.0,3.0,1.0,2.0,3.0,4.0,1.0,5.0,1.0,2.0,4.0,6.0,5.0,8.0,7.0,7.0,7.0,1.0,8.0,2.0,8.0,6.0,7.0,8.0,5.0,5.0,4.0,6.0,4.0,5.0,8.0,8.0,7.0,8.0,5.0,8.0,8.0,8.0,5.0,6.0,6.0,8.0,Engineering 17,2019-02-18,5.0,8.0,5.0,7.0,8.0,8.0,8.0,8.0,8.0,8.0,8.0,8.0
Austin Brister,Eshal Brandt,2,1,3,2,4,3,3.0,1.0,2.0,5.0,2.0,4.0,4.0,1.0,2.0,4.0,4.0,7.0,3.0,8.0,2.0,6.0,8.0,4.0,8.0,7.0,8.0,5.0,6.0,7.0,5.0,2.0,8.0,8.0,5.0,8.0,8.0,8.0,8.0,8.0,4.0,8.0,8.0,6.0,6.0,2.0,8.0,8.0,Engineering 17,2019-02-18,8.0,8.0,8.0,8.0,8.0,7.0,8.0,8.0,8.0,8.0,8.0,8.0
Windham Biagi,Eshal Brandt,6,3,4,7,3,3,2.0,2.0,1.0,2.0,3.0,1.0,,,,,,,,,,,,,,,,,,,,,,,,,,,,,,,,,,,,,Engineering 17,2019-02-18,,,,,,,,,,,,
Wendy Ducastel,Eshal Brandt,1,1,1,1,5,6,3.0,2.0,5.0,2.0,2.0,1.0,4.0,3.0,3.0,2.0,4.0,7.0,8.0,3.0,8.0,7.0,8.0,8.0,7.0,1.0,7.0,6.0,7.0,5.0,7.0,7.0,7.0,6.0,7.0,5.0,8.0,8.0,8.0,8.0,8.0,4.0,8.0,8.0,8.0,8.0,8.0,8.0,Engineering 17,2019-02-18,8.0,8.0,8.0,3.0,6.0,8.0,8.0,8.0,8.0,8.0,8.0,8.0
Daryle Janoch,Eshal Brandt,6,1,3,3,5,1,4.0,2.0,4.0,1.0,8.0,1.0,1.0,6.0,1.0,4.0,1.0,1.0,6.0,7.0,1.0,3.0,5.0,5.0,5.0,5.0,8.0,6.0,4.0,8.0,8.0,6.0,4.0,6.0,7.0,8.0,7.0,8.0,8.0,8.0,8.0,5.0,8.0,8.0,8.0,8.0,8.0,5.0,Engineering 17,2019-02-18,8.0,8.0,8.0,8.0,5.0,8.0,8.0,8.0,8.0,8.0,8.0,8.0
Aluino Sainter,Eshal Brandt,3,3,5,4,1,2,3.0,5.0,5.0,3.0,1.0,3.0,1.0,2.0,4.0,1.0,8.0,3.0,5.0,6.0,4.0,5.0,6.0,1.0,7.0,3.0,4.0,5.0,6.0,7.0,6.0,4.0,4.0,3.0,4.0,4.0,8.0,8.0,4.0,8.0,7.0,8.0,5.0,7.0,7.0,4.0,8.0,3.0,Engineering 17,2019-02-18,8.0,8.0,7.0,8.0,7.0,3.0,8.0,8.0,8.0,8.0,8.0,7.0
Magda Mckirton,Eshal Brandt,4,4,3,2,2,2,2.0,2.0,1.0,5.0,5.0,1.0,4.0,2.0,2.0,4.0,3.0,4.0,7.0,6.0,5.0,3.0,3.0,8.0,5.0,3.0,8.0,3.0,6.0,6.0,8.0,7.0,4.0,6.0,6.0,6.0,7.0,8.0,6.0,8.0,8.0,8.0,8.0,8.0,6.0,8.0,8.0,8.0,Engineering 17,2019-02-18,5.0,7.0,7.0,8.0,8.0,8.0,8.0,8.0,8.0,8.0,8.0,8.0
Caryn Adriaan,Eshal Brandt,3,1,1,3,4,5,2.0,4.0,6.0,1.0,2.0,2.0,4.0,5.0,3.0,6.0,3.0,3.0,2.0,5.0,4.0,7.0,7.0,4.0,5.0,8.0,8.0,8.0,7.0,4.0,8.0,5.0,7.0,8.0,5.0,6.0,7.0,8.0,8.0,8.0,8.0,8.0,4.0,8.0,8.0,8.0,8.0,8.0,Engineering 17,2019-02-18,8.0,8.0,8.0,5.0,8.0,8.0,8.0,7.0,8.0,8.0,8.0,8.0
Redd Jurges,Macey Broughton,1,8,2,2,2,4,2.0,1.0,3.0,4.0,3.0,4.0,4.0,5.0,5.0,4.0,1.0,3.0,8.0,4.0,6.0,8.0,7.0,7.0,7.0,3.0,3.0,8.0,8.0,5.0,1.0,5.0,3.0,8.0,6.0,7.0,8.0,6.0,8.0,8.0,8.0,5.0,7.0,3.0,7.0,8.0,6.0,8.0,Engineering 18,2019-04-01,,,,,,,,,,,,
Fabian Exell,Macey Broughton,2,6,3,6,3,1,3.0,3.0,3.0,1.0,6.0,6.0,5.0,4.0,4.0,6.0,1.0,1.0,6.0,8.0,5.0,8.0,5.0,7.0,2.0,8.0,8.0,7.0,3.0,1.0,7.0,4.0,8.0,3.0,4.0,8.0,8.0,8.0,8.0,8.0,8.0,7.0,8.0,8.0,6.0,8.0,6.0,8.0,Engineering 18,2019-04-01,,,,,,,,,,,,
Solly Kollas,Macey Broughton,4,4,6,1,3,3,3.0,4.0,3.0,3.0,4.0,1.0,5.0,4.0,2.0,3.0,7.0,5.0,6.0,7.0,4.0,3.0,8.0,5.0,5.0,6.0,5.0,3.0,5.0,6.0,3.0,5.0,8.0,2.0,4.0,6.0,8.0,8.0,8.0,7.0,8.0,3.0,8.0,8.0,8.0,4.0,7.0,8.0,Engineering 18,2019-04-01,,,,,,,,,,,,
Barbabas Huygens,Macey Broughton,2,5,5,3,3,7,4.0,2.0,2.0,1.0,6.0,5.0,4.0,3.0,4.0,3.0,1.0,1.0,5.0,8.0,6.0,7.0,3.0,7.0,6.0,5.0,7.0,5.0,4.0,6.0,3.0,7.0,2.0,7.0,6.0,3.0,7.0,8.0,8.0,7.0,8.0,8.0,8.0,7.0,8.0,8.0,7.0,8.0,Engineering 18,2019-04-01,,,,,,,,,,,,
Liuka Drissell,Macey Broughton,3,3,4,1,3,1,8.0,3.0,5.0,2.0,4.0,3.0,5.0,2.0,1.0,3.0,7.0,4.0,3.0,3.0,7.0,8.0,8.0,2.0,4.0,5.0,5.0,8.0,4.0,7.0,7.0,7.0,7.0,8.0,5.0,8.0,8.0,8.0,8.0,8.0,8.0,7.0,7.0,5.0,8.0,8.0,7.0,6.0,Engineering 18,2019-04-01,,,,,,,,,,,,
Vikki Godsal,Macey Broughton,3,4,2,1,2,3,4.0,5.0,5.0,2.0,4.0,2.0,3.0,2.0,3.0,2.0,4.0,7.0,5.0,8.0,8.0,3.0,5.0,5.0,5.0,4.0,3.0,4.0,8.0,4.0,4.0,4.0,8.0,5.0,6.0,5.0,6.0,8.0,8.0,8.0,8.0,6.0,7.0,8.0,6.0,8.0,8.0,6.0,Engineering 18,2019-04-01,,,,,,,,,,,,
Ealasaid Badcock,Macey Broughton,5,4,4,3,1,3,2.0,6.0,1.0,5.0,3.0,3.0,6.0,3.0,6.0,2.0,3.0,4.0,5.0,6.0,5.0,4.0,8.0,5.0,5.0,8.0,6.0,8.0,3.0,7.0,8.0,5.0,3.0,2.0,6.0,7.0,6.0,8.0,8.0,8.0,7.0,5.0,8.0,8.0,7.0,8.0,8.0,6.0,Engineering 18,2019-04-01,,,,,,,,,,,,
Gal Wallwood,Macey Broughton,4,4,2,4,6,3,2.0,3.0,2.0,4.0,3.0,8.0,1.0,5.0,3.0,4.0,2.0,4.0,3.0,8.0,2.0,7.0,5.0,6.0,2.0,3.0,7.0,6.0,4.0,6.0,6.0,7.0,3.0,4.0,2.0,8.0,7.0,8.0,7.0,5.0,6.0,7.0,8.0,8.0,8.0,8.0,6.0,8.0,Engineering 18,2019-04-01,,,,,,,,,,,,
Lotte Witherop,Macey Broughton,3,3,6,2,4,2,2.0,1.0,2.0,3.0,2.0,5.0,1.0,2.0,2.0,3.0,3.0,1.0,6.0,7.0,6.0,3.0,5.0,4.0,7.0,6.0,7.0,5.0,8.0,3.0,6.0,8.0,6.0,8.0,4.0,6.0,8.0,8.0,7.0,8.0,8.0,8.0,8.0,8.0,8.0,8.0,8.0,8.0,Engineering 18,2019-04-01,,,,,,,,,,,,
Bella Tarbox,Macey Broughton,2,2,2,1,3,4,1.0,3.0,2.0,1.0,3.0,3.0,3.0,6.0,1.0,2.0,3.0,1.0,5.0,3.0,8.0,7.0,5.0,2.0,6.0,4.0,7.0,7.0,7.0,3.0,5.0,2.0,6.0,4.0,6.0,2.0,6.0,8.0,8.0,8.0,8.0,7.0,3.0,8.0,8.0,8.0,6.0,8.0,Engineering 18,2019-04-01,,,,,,,,,,,,
Gabby Neilson,Macey Broughton,3,2,1,5,2,1,5.0,1.0,1.0,2.0,6.0,3.0,2.0,5.0,3.0,2.0,2.0,5.0,8.0,5.0,8.0,6.0,8.0,4.0,8.0,6.0,4.0,4.0,6.0,3.0,3.0,7.0,6.0,5.0,2.0,5.0,7.0,8.0,8.0,8.0,5.0,5.0,7.0,8.0,8.0,8.0,8.0,8.0,Engineering 18,2019-04-01,,,,,,,,,,,,
Zitella Hembery,Macey Broughton,2,3,3,4,4,4,4.0,1.0,5.0,4.0,4.0,3.0,2.0,1.0,1.0,1.0,1.0,4.0,,,,,,,,,,,,,,,,,,,,,,,,,,,,,,,Engineering 18,2019-04-01,,,,,,,,,,,,
Danielle Absolom,Igor Coates,3,3,2,1,3,2,2.0,2.0,5.0,2.0,5.0,1.0,4.0,4.0,4.0,2.0,1.0,3.0,4.0,7.0,6.0,4.0,8.0,5.0,4.0,6.0,8.0,5.0,8.0,4.0,6.0,3.0,5.0,6.0,8.0,4.0,6.0,8.0,8.0,8.0,8.0,8.0,8.0,8.0,8.0,4.0,8.0,8.0,Engineering 19,2019-04-29,8.0,5.0,8.0,8.0,4.0,6.0,8.0,8.0,7.0,6.0,8.0,8.0
Hughie Yeliashev,Igor Coates,4,4,1,2,1,4,3.0,2.0,3.0,3.0,1.0,1.0,2.0,2.0,3.0,3.0,5.0,2.0,6.0,8.0,6.0,2.0,3.0,6.0,4.0,6.0,7.0,6.0,4.0,5.0,5.0,7.0,5.0,7.0,4.0,5.0,6.0,8.0,7.0,8.0,8.0,8.0,8.0,8.0,8.0,8.0,8.0,5.0,Engineering 19,2019-04-29,3.0,5.0,6.0,8.0,6.0,7.0,8.0,8.0,4.0,8.0,8.0,8.0
Sher Biesinger,Igor Coates,3,1,5,4,3,1,3.0,1.0,3.0,2.0,2.0,3.0,5.0,2.0,4.0,6.0,1.0,1.0,8.0,8.0,2.0,8.0,5.0,8.0,4.0,2.0,4.0,3.0,8.0,5.0,8.0,6.0,3.0,4.0,5.0,6.0,7.0,8.0,8.0,8.0,8.0,8.0,7.0,8.0,8.0,8.0,3.0,8.0,Engineering 19,2019-04-29,8.0,8.0,7.0,8.0,7.0,8.0,8.0,6.0,8.0,6.0,8.0,8.0
Pepe Bendig,Igor Coates,4,4,2,3,3,3,4.0,1.0,4.0,2.0,3.0,2.0,3.0,1.0,5.0,1.0,2.0,6.0,7.0,5.0,3.0,5.0,8.0,4.0,8.0,8.0,7.0,4.0,2.0,7.0,6.0,5.0,6.0,7.0,5.0,4.0,8.0,4.0,8.0,8.0,8.0,6.0,8.0,8.0,8.0,7.0,7.0,7.0,Engineering 19,2019-04-29,8.0,8.0,8.0,8.0,8.0,6.0,8.0,8.0,8.0,8.0,8.0,8.0
Neal Ginglell,Igor Coates,3,4,2,2,7,4,1.0,2.0,5.0,3.0,5.0,2.0,5.0,4.0,8.0,6.0,2.0,3.0,2.0,7.0,8.0,8.0,7.0,7.0,3.0,4.0,2.0,8.0,4.0,8.0,3.0,5.0,6.0,8.0,3.0,5.0,8.0,5.0,6.0,6.0,7.0,7.0,7.0,8.0,4.0,8.0,7.0,8.0,Engineering 19,2019-04-29,8.0,8.0,5.0,8.0,8.0,7.0,8.0,8.0,8.0,8.0,7.0,8.0
Rozamond Wilton,Igor Coates,3,2,2,1,2,5,1.0,2.0,2.0,2.0,2.0,5.0,2.0,1.0,6.0,1.0,5.0,3.0,2.0,1.0,8.0,8.0,3.0,5.0,1.0,8.0,6.0,8.0,6.0,4.0,3.0,4.0,6.0,7.0,8.0,8.0,8.0,8.0,8.0,8.0,8.0,8.0,8.0,8.0,6.0,8.0,8.0,4.0,Engineering 19,2019-04-29,7.0,8.0,6.0,8.0,7.0,6.0,7.0,8.0,8.0,8.0,8.0,8.0
Glenn Coaker,Igor Coates,6,4,1,2,4,2,2.0,4.0,3.0,3.0,7.0,3.0,3.0,4.0,4.0,2.0,5.0,4.0,7.0,7.0,2.0,5.0,5.0,7.0,6.0,8.0,8.0,8.0,6.0,2.0,6.0,5.0,6.0,7.0,5.0,8.0,8.0,8.0,8.0,7.0,8.0,8.0,8.0,6.0,8.0,5.0,8.0,6.0,Engineering 19,2019-04-29,8.0,7.0,7.0,6.0,8.0,5.0,8.0,8.0,8.0,8.0,8.0,7.0
Daisy Brims,Igor Coates,1,4,3,2,3,2,4.0,5.0,2.0,3.0,3.0,6.0,2.0,4.0,1.0,4.0,4.0,2.0,7.0,8.0,8.0,6.0,5.0,5.0,7.0,4.0,5.0,8.0,3.0,8.0,4.0,6.0,3.0,6.0,8.0,3.0,8.0,6.0,8.0,8.0,8.0,7.0,8.0,8.0,7.0,7.0,8.0,3.0,Engineering 19,2019-04-29,8.0,8.0,3.0,8.0,8.0,8.0,8.0,8.0,8.0,7.0,8.0,8.0
Lalo Halton,Igor Coates,4,1,3,2,2,4,3.0,2.0,2.0,4.0,5.0,1.0,2.0,3.0,1.0,1.0,2.0,5.0,5.0,4.0,4.0,7.0,4.0,8.0,3.0,5.0,5.0,6.0,4.0,8.0,8.0,7.0,8.0,3.0,6.0,8.0,4.0,8.0,8.0,8.0,7.0,6.0,8.0,8.0,8.0,5.0,4.0,8.0,Engineering 19,2019-04-29,8.0,3.0,7.0,8.0,6.0,8.0,7.0,8.0,8.0,6.0,8.0,8.0
Palm Jakovijevic,Igor Coates,2,1,1,5,3,6,2.0,4.0,3.0,2.0,2.0,2.0,3.0,4.0,1.0,4.0,6.0,4.0,1.0,3.0,8.0,3.0,8.0,3.0,4.0,5.0,5.0,4.0,1.0,6.0,8.0,7.0,5.0,7.0,5.0,5.0,7.0,6.0,8.0,8.0,8.0,8.0,7.0,8.0,4.0,8.0,2.0,8.0,Engineering 19,2019-04-29,8.0,8.0,8.0,8.0,8.0,8.0,8.0,8.0,8.0,8.0,8.0,8.0
Yelena Kelleway,Igor Coates,3,5,1,3,1,5,3.0,3.0,4.0,5.0,1.0,1.0,5.0,1.0,2.0,4.0,1.0,2.0,6.0,4.0,4.0,6.0,5.0,6.0,8.0,6.0,5.0,8.0,6.0,8.0,5.0,5.0,5.0,8.0,6.0,6.0,4.0,8.0,8.0,8.0,4.0,8.0,4.0,8.0,8.0,8.0,8.0,8.0,Engineering 19,2019-04-29,8.0,8.0,6.0,1.0,8.0,8.0,8.0,8.0,8.0,8.0,8.0,8.0
Lay Trosdall,Igor Coates,2,5,2,5,4,5,4.0,5.0,1.0,1.0,3.0,4.0,2.0,5.0,1.0,3.0,3.0,2.0,7.0,6.0,5.0,8.0,8.0,3.0,8.0,8.0,1.0,6.0,8.0,8.0,1.0,6.0,3.0,8.0,8.0,4.0,8.0,7.0,6.0,4.0,8.0,4.0,4.0,8.0,8.0,8.0,6.0,7.0,Engineering 19,2019-04-29,8.0,8.0,8.0,6.0,8.0,8.0,7.0,8.0,8.0,8.0,8.0,8.0
Kayle Ferenc,Igor Coates,2,6,4,1,3,4,1.0,3.0,4.0,1.0,5.0,1.0,1.0,6.0,2.0,3.0,1.0,3.0,8.0,6.0,8.0,3.0,6.0,6.0,7.0,8.0,8.0,2.0,8.0,2.0,8.0,8.0,5.0,6.0,5.0,5.0,8.0,8.0,8.0,8.0,6.0,8.0,8.0,8.0,8.0,7.0,7.0,7.0,Engineering 19,2019-04-29,6.0,7.0,8.0,8.0,8.0,7.0,8.0,8.0,8.0,8.0,8.0,8.0
Law Massen,Mohammad Velazquez,4,4,6,1,3,6,3.0,1.0,1.0,3.0,7.0,2.0,4.0,3.0,4.0,2.0,2.0,2.0,8.0,8.0,8.0,6.0,6.0,5.0,7.0,7.0,6.0,3.0,6.0,6.0,7.0,8.0,6.0,8.0,1.0,8.0,8.0,8.0,8.0,4.0,8.0,8.0,7.0,6.0,8.0,8.0,8.0,8.0,Engineering 20,2019-05-27,5.0,8.0,8.0,8.0,8.0,8.0,8.0,8.0,7.0,8.0,8.0,8.0
Aldridge Du Fray,Mohammad Velazquez,4,5,5,2,4,3,3.0,4.0,1.0,2.0,1.0,8.0,1.0,1.0,3.0,4.0,3.0,3.0,3.0,8.0,1.0,5.0,4.0,7.0,2.0,5.0,4.0,4.0,6.0,8.0,6.0,7.0,3.0,5.0,6.0,8.0,8.0,8.0,6.0,5.0,8.0,8.0,8.0,8.0,8.0,6.0,8.0,8.0,Engineering 20,2019-05-27,8.0,7.0,6.0,8.0,8.0,5.0,8.0,8.0,8.0,8.0,8.0,8.0
Horatio Christley,Mohammad Velazquez,3,5,4,2,2,2,2.0,2.0,3.0,3.0,2.0,2.0,1.0,1.0,1.0,1.0,1.0,1.0,,,,,,,,,,,,,,,,,,,,,,,,,,,,,,,Engineering 20,2019-05-27,,,,,,,,,,,,
Mellicent Desaur,Mohammad Velazquez,4,4,3,4,3,1,5.0,1.0,2.0,4.0,1.0,2.0,2.0,3.0,1.0,3.0,5.0,2.0,8.0,5.0,6.0,4.0,2.0,5.0,7.0,7.0,8.0,5.0,8.0,6.0,5.0,7.0,8.0,6.0,2.0,8.0,7.0,8.0,8.0,5.0,4.0,8.0,8.0,8.0,8.0,8.0,6.0,8.0,Engineering 20,2019-05-27,8.0,8.0,8.0,8.0,7.0,8.0,8.0,8.0,8.0,8.0,8.0,8.0
Ludovico Orridge,Mohammad Velazquez,2,2,4,2,1,2,4.0,4.0,1.0,5.0,6.0,2.0,4.0,3.0,3.0,1.0,1.0,1.0,6.0,6.0,8.0,4.0,3.0,7.0,3.0,3.0,7.0,3.0,4.0,5.0,4.0,8.0,6.0,6.0,7.0,3.0,7.0,8.0,8.0,8.0,8.0,8.0,4.0,4.0,8.0,8.0,8.0,8.0,Engineering 20,2019-05-27,8.0,8.0,8.0,8.0,7.0,4.0,8.0,8.0,8.0,8.0,8.0,8.0
Chantal Mailes,Mohammad Velazquez,5,6,3,1,2,2,2.0,3.0,2.0,1.0,8.0,3.0,4.0,3.0,3.0,2.0,4.0,5.0,8.0,7.0,2.0,8.0,6.0,1.0,8.0,8.0,8.0,3.0,5.0,4.0,3.0,6.0,5.0,8.0,5.0,6.0,8.0,8.0,8.0,6.0,6.0,8.0,8.0,6.0,7.0,8.0,7.0,8.0,Engineering 20,2019-05-27,8.0,6.0,8.0,8.0,6.0,8.0,8.0,8.0,7.0,8.0,8.0,8.0
Fax Schankelborg,Mohammad Velazquez,7,6,5,2,2,2,4.0,1.0,3.0,1.0,4.0,4.0,2.0,6.0,2.0,1.0,4.0,4.0,8.0,8.0,8.0,8.0,4.0,5.0,1.0,5.0,3.0,8.0,8.0,7.0,8.0,6.0,5.0,3.0,5.0,8.0,5.0,8.0,8.0,8.0,8.0,8.0,8.0,7.0,8.0,7.0,6.0,8.0,Engineering 20,2019-05-27,8.0,8.0,8.0,2.0,8.0,8.0,8.0,8.0,8.0,8.0,8.0,8.0
Kellie Tanguy,Mohammad Velazquez,2,4,1,4,3,2,4.0,3.0,2.0,4.0,4.0,2.0,1.0,1.0,4.0,7.0,5.0,3.0,4.0,3.0,4.0,6.0,7.0,4.0,6.0,7.0,8.0,4.0,8.0,5.0,4.0,5.0,5.0,6.0,7.0,8.0,8.0,8.0,4.0,7.0,8.0,8.0,8.0,8.0,8.0,8.0,8.0,4.0,Engineering 20,2019-05-27,8.0,8.0,7.0,6.0,7.0,8.0,6.0,8.0,8.0,8.0,8.0,8.0
Yalonda Beacom,Mohammad Velazquez,5,4,3,8,3,1,1.0,4.0,2.0,3.0,1.0,3.0,3.0,6.0,3.0,2.0,4.0,4.0,5.0,5.0,8.0,4.0,8.0,5.0,8.0,5.0,8.0,8.0,8.0,5.0,8.0,5.0,7.0,8.0,7.0,8.0,7.0,8.0,8.0,8.0,8.0,8.0,8.0,8.0,5.0,8.0,8.0,7.0,Engineering 20,2019-05-27,8.0,8.0,8.0,8.0,8.0,6.0,8.0,8.0,8.0,8.0,8.0,8.0
Tab Shitliff,Mohammad Velazquez,3,1,4,3,1,5,1.0,1.0,4.0,3.0,5.0,2.0,2.0,3.0,3.0,3.0,1.0,2.0,4.0,6.0,8.0,8.0,5.0,6.0,7.0,7.0,6.0,2.0,3.0,5.0,4.0,4.0,4.0,4.0,4.0,5.0,8.0,7.0,7.0,7.0,8.0,8.0,7.0,8.0,6.0,5.0,8.0,8.0,Engineering 20,2019-05-27,8.0,8.0,6.0,8.0,6.0,8.0,8.0,8.0,8.0,8.0,8.0,8.0
Tobie Culcheth,Mohammad Velazquez,1,2,4,4,5,4,3.0,2.0,3.0,1.0,4.0,2.0,4.0,2.0,3.0,3.0,2.0,2.0,5.0,5.0,7.0,8.0,8.0,6.0,8.0,4.0,7.0,6.0,6.0,3.0,4.0,1.0,2.0,2.0,7.0,5.0,8.0,6.0,8.0,8.0,7.0,8.0,8.0,8.0,8.0,6.0,8.0,8.0,Engineering 20,2019-05-27,8.0,8.0,8.0,8.0,8.0,8.0,8.0,8.0,8.0,8.0,8.0,8.0
Gerianne Bagge,Macey Broughton,2,2,4,4,2,3,4.0,1.0,6.0,2.0,5.0,2.0,3.0,7.0,2.0,1.0,2.0,1.0,8.0,6.0,7.0,4.0,8.0,4.0,4.0,3.0,6.0,7.0,6.0,8.0,8.0,6.0,8.0,5.0,8.0,8.0,8.0,8.0,8.0,3.0,8.0,8.0,8.0,8.0,8.0,8.0,8.0,8.0,Engineering 21,2019-07-15,,,,,,,,,,,,
William Tomlett,Macey Broughton,6,3,6,2,3,7,1.0,1.0,5.0,2.0,4.0,4.0,3.0,2.0,4.0,2.0,1.0,2.0,4.0,8.0,4.0,2.0,7.0,5.0,3.0,4.0,7.0,4.0,8.0,6.0,7.0,1.0,5.0,8.0,3.0,8.0,8.0,8.0,8.0,8.0,8.0,8.0,8.0,8.0,8.0,8.0,8.0,6.0,Engineering 21,2019-07-15,,,,,,,,,,,,
Teddie Kemet,Macey Broughton,2,5,3,2,5,1,2.0,1.0,2.0,3.0,7.0,3.0,3.0,5.0,3.0,5.0,2.0,1.0,8.0,8.0,6.0,7.0,1.0,8.0,3.0,3.0,7.0,6.0,6.0,7.0,6.0,5.0,7.0,5.0,3.0,5.0,8.0,5.0,8.0,8.0,8.0,8.0,8.0,8.0,8.0,5.0,8.0,8.0,Engineering 21,2019-07-15,,,,,,,,,,,,
Artur Domaschke,Macey Broughton,3,3,1,1,2,5,1.0,4.0,2.0,1.0,1.0,3.0,1.0,4.0,3.0,4.0,3.0,2.0,6.0,5.0,8.0,6.0,8.0,5.0,5.0,5.0,8.0,5.0,2.0,8.0,5.0,6.0,5.0,7.0,5.0,2.0,8.0,8.0,8.0,8.0,7.0,7.0,7.0,8.0,7.0,8.0,8.0,5.0,Engineering 21,2019-07-15,,,,,,,,,,,,
Terrie Mackibbon,Macey Broughton,4,2,6,2,3,5,1.0,3.0,5.0,6.0,1.0,2.0,5.0,5.0,2.0,1.0,6.0,2.0,6.0,8.0,6.0,6.0,6.0,8.0,6.0,8.0,4.0,8.0,3.0,6.0,6.0,8.0,8.0,3.0,5.0,4.0,8.0,8.0,8.0,8.0,6.0,7.0,7.0,8.0,8.0,5.0,3.0,8.0,Engineering 21,2019-07-15,,,,,,,,,,,,
Ignacius Pleasaunce,Macey Broughton,2,3,5,1,1,3,5.0,4.0,2.0,2.0,2.0,2.0,2.0,2.0,2.0,3.0,5.0,3.0,4.0,8.0,6.0,7.0,6.0,5.0,8.0,7.0,8.0,8.0,5.0,4.0,8.0,6.0,8.0,6.0,6.0,2.0,8.0,8.0,6.0,8.0,8.0,4.0,4.0,8.0,8.0,4.0,8.0,7.0,Engineering 21,2019-07-15,,,,,,,,,,,,
Liane Lorente,Macey Broughton,6,3,4,1,2,4,4.0,1.0,1.0,3.0,2.0,2.0,2.0,1.0,6.0,3.0,3.0,1.0,8.0,2.0,6.0,5.0,8.0,8.0,6.0,6.0,6.0,8.0,3.0,5.0,8.0,7.0,3.0,3.0,8.0,6.0,8.0,8.0,8.0,8.0,8.0,8.0,6.0,3.0,4.0,8.0,8.0,8.0,Engineering 21,2019-07-15,,,,,,,,,,,,
Sosanna Rawlings,Macey Broughton,1,6,3,3,4,4,4.0,4.0,6.0,2.0,6.0,3.0,1.0,3.0,1.0,3.0,3.0,4.0,3.0,2.0,8.0,7.0,5.0,4.0,8.0,6.0,7.0,8.0,8.0,6.0,8.0,8.0,8.0,3.0,1.0,8.0,8.0,7.0,8.0,8.0,6.0,6.0,6.0,8.0,8.0,7.0,8.0,8.0,Engineering 21,2019-07-15,,,,,,,,,,,,
Allistir Langrick,Macey Broughton,6,2,6,1,4,2,3.0,2.0,2.0,1.0,4.0,2.0,4.0,2.0,1.0,3.0,5.0,4.0,5.0,2.0,4.0,2.0,4.0,7.0,3.0,2.0,4.0,7.0,3.0,6.0,7.0,4.0,4.0,2.0,1.0,6.0,8.0,8.0,8.0,8.0,8.0,8.0,8.0,8.0,8.0,8.0,8.0,6.0,Engineering 21,2019-07-15,,,,,,,,,,,,
Honor Huntall,Macey Broughton,3,5,1,5,1,2,5.0,1.0,3.0,3.0,3.0,5.0,1.0,4.0,3.0,2.0,2.0,1.0,4.0,8.0,5.0,7.0,5.0,8.0,3.0,8.0,4.0,2.0,8.0,8.0,4.0,5.0,8.0,4.0,5.0,6.0,5.0,8.0,5.0,8.0,7.0,8.0,8.0,7.0,8.0,8.0,8.0,5.0,Engineering 21,2019-07-15,,,,,,,,,,,,
Natassia Pawle,Macey Broughton,2,3,4,1,1,3,4.0,3.0,3.0,2.0,1.0,4.0,3.0,4.0,2.0,3.0,4.0,1.0,8.0,7.0,6.0,7.0,6.0,8.0,7.0,8.0,7.0,6.0,4.0,8.0,4.0,7.0,4.0,8.0,3.0,7.0,8.0,4.0,5.0,5.0,6.0,8.0,8.0,7.0,7.0,8.0,8.0,8.0,Engineering 21,2019-07-15,,,,,,,,,,,,
Haywood Teager,Macey Broughton,3,5,3,3,1,8,4.0,2.0,3.0,1.0,6.0,2.0,6.0,4.0,2.0,3.0,5.0,3.0,7.0,3.0,6.0,6.0,7.0,3.0,1.0,2.0,3.0,7.0,4.0,8.0,7.0,5.0,6.0,7.0,8.0,8.0,8.0,8.0,7.0,5.0,7.0,8.0,8.0,8.0,8.0,8.0,8.0,8.0,Engineering 21,2019-07-15,,,,,,,,,,,,
Marillin Rosendall,Macey Broughton,4,2,3,1,3,3,5.0,2.0,2.0,2.0,2.0,1.0,2.0,5.0,2.0,1.0,8.0,3.0,6.0,7.0,7.0,5.0,7.0,6.0,8.0,5.0,5.0,2.0,6.0,8.0,2.0,7.0,6.0,6.0,7.0,4.0,6.0,8.0,8.0,7.0,8.0,8.0,8.0,8.0,6.0,8.0,5.0,8.0,Engineering 21,2019-07-15,,,,,,,,,,,,
Giustina Catford,Martina Meadows,1,1,4,4,2,4,1.0,7.0,1.0,1.0,1.0,3.0,2.0,5.0,6.0,3.0,4.0,2.0,6.0,6.0,3.0,8.0,6.0,6.0,8.0,8.0,8.0,5.0,5.0,4.0,5.0,6.0,7.0,3.0,7.0,4.0,8.0,8.0,8.0,8.0,8.0,8.0,8.0,6.0,8.0,6.0,4.0,8.0,Engineering 22,2019-07-22,,,,,,,,,,,,
Kore Amburgy,Martina Meadows,4,1,1,3,3,4,5.0,1.0,3.0,1.0,4.0,4.0,2.0,3.0,1.0,5.0,1.0,4.0,1.0,7.0,7.0,7.0,1.0,4.0,6.0,6.0,6.0,6.0,5.0,5.0,6.0,4.0,6.0,5.0,8.0,4.0,8.0,8.0,8.0,8.0,8.0,8.0,7.0,1.0,8.0,8.0,8.0,4.0,Engineering 22,2019-07-22,,,,,,,,,,,,
Constance Fellibrand,Martina Meadows,3,4,3,5,4,1,2.0,2.0,2.0,5.0,6.0,2.0,1.0,2.0,3.0,4.0,4.0,3.0,7.0,2.0,4.0,8.0,2.0,2.0,6.0,4.0,5.0,5.0,3.0,8.0,8.0,8.0,8.0,4.0,8.0,5.0,8.0,8.0,8.0,7.0,7.0,8.0,5.0,8.0,8.0,8.0,8.0,8.0,Engineering 22,2019-07-22,,,,,,,,,,,,
Rickard Blakes,Martina Meadows,5,1,5,3,4,2,1.0,4.0,8.0,2.0,3.0,4.0,4.0,2.0,5.0,1.0,7.0,3.0,5.0,6.0,3.0,5.0,7.0,8.0,6.0,8.0,8.0,8.0,7.0,8.0,5.0,4.0,6.0,8.0,8.0,8.0,8.0,6.0,8.0,5.0,8.0,3.0,8.0,8.0,8.0,7.0,8.0,8.0,Engineering 22,2019-07-22,,,,,,,,,,,,
Noe Fortnam,Martina Meadows,1,6,1,3,2,3,3.0,3.0,3.0,8.0,5.0,3.0,3.0,3.0,3.0,1.0,2.0,3.0,7.0,5.0,6.0,8.0,3.0,7.0,7.0,4.0,5.0,8.0,4.0,4.0,8.0,8.0,8.0,2.0,8.0,5.0,8.0,8.0,8.0,8.0,8.0,7.0,8.0,7.0,8.0,8.0,8.0,8.0,Engineering 22,2019-07-22,,,,,,,,,,,,
Cherrita Mcgilleghole,Martina Meadows,6,1,4,3,3,2,2.0,3.0,1.0,2.0,2.0,3.0,2.0,4.0,6.0,4.0,1.0,5.0,7.0,5.0,6.0,2.0,8.0,6.0,3.0,4.0,7.0,3.0,4.0,7.0,1.0,3.0,4.0,5.0,4.0,5.0,8.0,8.0,5.0,8.0,8.0,4.0,8.0,5.0,8.0,5.0,5.0,8.0,Engineering 22,2019-07-22,,,,,,,,,,,,
Charmain Diben,Martina Meadows,1,4,4,3,2,3,1.0,1.0,1.0,1.0,4.0,1.0,,,,,,,,,,,,,,,,,,,,,,,,,,,,,,,,,,,,,Engineering 22,2019-07-22,,,,,,,,,,,,
Bunny Barns,Martina Meadows,6,1,3,2,3,1,1.0,4.0,3.0,4.0,2.0,1.0,5.0,5.0,3.0,2.0,4.0,3.0,8.0,7.0,7.0,3.0,8.0,8.0,5.0,2.0,6.0,4.0,8.0,6.0,4.0,3.0,3.0,5.0,6.0,1.0,8.0,6.0,8.0,8.0,8.0,8.0,8.0,8.0,8.0,8.0,8.0,8.0,Engineering 22,2019-07-22,,,,,,,,,,,,
Brewer Calderbank,Eshal Brandt,1,3,2,2,4,3,1.0,1.0,3.0,3.0,1.0,1.0,,,,,,,,,,,,,,,,,,,,,,,,,,,,,,,,,,,,,Engineering 23,2019-08-12,,,,,,,,,,,,
Fons Ghiotto,Eshal Brandt,3,2,1,2,2,4,5.0,3.0,3.0,2.0,5.0,2.0,6.0,1.0,1.0,3.0,2.0,4.0,5.0,2.0,6.0,7.0,8.0,3.0,6.0,8.0,5.0,7.0,4.0,5.0,4.0,3.0,8.0,5.0,5.0,5.0,8.0,6.0,8.0,8.0,5.0,8.0,8.0,7.0,4.0,8.0,7.0,8.0,Engineering 23,2019-08-12,6.0,8.0,8.0,8.0,8.0,4.0,8.0,8.0,8.0,8.0,8.0,8.0
Evin De Roeck,Eshal Brandt,5,4,2,2,3,4,2.0,2.0,3.0,1.0,4.0,3.0,3.0,5.0,3.0,2.0,1.0,2.0,4.0,6.0,7.0,6.0,3.0,7.0,5.0,8.0,4.0,8.0,6.0,4.0,8.0,5.0,7.0,8.0,8.0,8.0,7.0,8.0,8.0,8.0,8.0,8.0,8.0,5.0,8.0,8.0,8.0,8.0,Engineering 23,2019-08-12,8.0,8.0,8.0,8.0,3.0,8.0,8.0,8.0,8.0,8.0,8.0,8.0
Maxy Bensen,Eshal Brandt,2,4,2,4,1,2,5.0,3.0,1.0,3.0,4.0,3.0,1.0,4.0,4.0,3.0,2.0,4.0,6.0,2.0,7.0,8.0,8.0,8.0,6.0,6.0,7.0,5.0,7.0,5.0,5.0,8.0,4.0,7.0,5.0,4.0,8.0,7.0,6.0,5.0,6.0,5.0,8.0,8.0,8.0,8.0,8.0,8.0,Engineering 23,2019-08-12,8.0,8.0,7.0,8.0,4.0,8.0,8.0,8.0,8.0,8.0,8.0,8.0
Calida Behr,Eshal Brandt,2,2,3,5,2,1,3.0,1.0,1.0,3.0,1.0,4.0,5.0,1.0,4.0,3.0,6.0,4.0,5.0,5.0,7.0,3.0,8.0,7.0,8.0,8.0,5.0,5.0,3.0,4.0,5.0,8.0,5.0,6.0,6.0,4.0,8.0,6.0,6.0,8.0,8.0,7.0,8.0,8.0,8.0,8.0,8.0,8.0,Engineering 23,2019-08-12,8.0,8.0,5.0,8.0,8.0,8.0,8.0,8.0,8.0,8.0,8.0,8.0
Dannel Longmaid,Eshal Brandt,2,8,5,3,7,5,3.0,1.0,1.0,5.0,7.0,3.0,4.0,3.0,2.0,2.0,3.0,2.0,4.0,8.0,8.0,5.0,8.0,5.0,7.0,3.0,7.0,2.0,8.0,7.0,3.0,4.0,5.0,8.0,5.0,7.0,7.0,8.0,7.0,8.0,8.0,6.0,8.0,8.0,8.0,8.0,8.0,8.0,Engineering 23,2019-08-12,8.0,8.0,8.0,8.0,5.0,8.0,8.0,8.0,8.0,8.0,8.0,8.0
Sarah Magor,Eshal Brandt,2,4,1,2,6,2,3.0,2.0,4.0,5.0,1.0,3.0,3.0,5.0,4.0,4.0,7.0,1.0,4.0,5.0,6.0,8.0,3.0,3.0,5.0,2.0,5.0,6.0,4.0,3.0,7.0,7.0,8.0,8.0,8.0,7.0,6.0,8.0,2.0,6.0,8.0,6.0,6.0,8.0,7.0,8.0,7.0,7.0,Engineering 23,2019-08-12,8.0,7.0,8.0,2.0,8.0,8.0,8.0,8.0,8.0,8.0,8.0,8.0
Alistair Scanes,Eshal Brandt,4,2,4,1,2,3,3.0,4.0,2.0,5.0,3.0,2.0,3.0,2.0,3.0,3.0,3.0,3.0,6.0,8.0,2.0,4.0,8.0,3.0,4.0,4.0,5.0,7.0,6.0,6.0,3.0,4.0,8.0,8.0,5.0,7.0,8.0,6.0,8.0,8.0,7.0,8.0,8.0,5.0,8.0,8.0,7.0,5.0,Engineering 23,2019-08-12,8.0,8.0,8.0,4.0,7.0,8.0,8.0,8.0,8.0,8.0,8.0,8.0
Homere Stentiford,Eshal Brandt,2,2,4,2,5,3,1.0,3.0,2.0,1.0,6.0,2.0,3.0,3.0,2.0,3.0,7.0,3.0,5.0,4.0,7.0,5.0,4.0,4.0,8.0,8.0,8.0,5.0,3.0,3.0,7.0,2.0,5.0,7.0,5.0,8.0,7.0,8.0,8.0,2.0,6.0,8.0,8.0,8.0,4.0,8.0,8.0,4.0,Engineering 23,2019-08-12,8.0,7.0,8.0,8.0,5.0,6.0,8.0,8.0,8.0,8.0,8.0,8.0
Alvie Bleackly,Eshal Brandt,4,3,2,3,5,2,4.0,1.0,4.0,1.0,3.0,1.0,6.0,3.0,1.0,2.0,1.0,6.0,7.0,8.0,8.0,8.0,5.0,4.0,6.0,7.0,8.0,5.0,7.0,2.0,6.0,4.0,4.0,6.0,8.0,5.0,7.0,8.0,8.0,8.0,6.0,8.0,8.0,8.0,8.0,8.0,8.0,8.0,Engineering 23,2019-08-12,8.0,8.0,8.0,8.0,5.0,8.0,6.0,8.0,8.0,8.0,8.0,8.0
Brnaby Bownes,Eshal Brandt,2,1,4,2,1,1,,,,,,,,,,,,,,,,,,,,,,,,,,,,,,,,,,,,,,,,,,,Engineering 23,2019-08-12,,,,,,,,,,,,
Blake Nunson,Eshal Brandt,4,2,2,3,2,2,2.0,5.0,2.0,2.0,4.0,3.0,7.0,3.0,3.0,2.0,2.0,2.0,3.0,5.0,7.0,4.0,5.0,6.0,8.0,2.0,4.0,5.0,7.0,8.0,6.0,2.0,3.0,6.0,7.0,8.0,8.0,8.0,8.0,3.0,5.0,8.0,8.0,6.0,8.0,8.0,8.0,8.0,Engineering 24,2019-09-16,,,,,,,,,,,,
Deirdre Van Den Velde,Eshal Brandt,4,1,4,1,4,2,1.0,5.0,3.0,4.0,4.0,1.0,3.0,4.0,5.0,4.0,2.0,3.0,8.0,6.0,6.0,5.0,7.0,6.0,8.0,2.0,5.0,8.0,8.0,6.0,2.0,8.0,5.0,4.0,3.0,8.0,8.0,7.0,8.0,5.0,8.0,8.0,8.0,5.0,8.0,8.0,8.0,8.0,Engineering 24,2019-09-16,,,,,,,,,,,,
Brose Menghi,Eshal Brandt,1,5,3,1,3,3,3.0,3.0,2.0,1.0,4.0,3.0,3.0,2.0,3.0,3.0,1.0,3.0,3.0,8.0,2.0,8.0,7.0,7.0,8.0,4.0,2.0,5.0,7.0,4.0,7.0,8.0,6.0,6.0,4.0,8.0,6.0,8.0,8.0,8.0,8.0,8.0,7.0,8.0,4.0,8.0,8.0,4.0,Engineering 24,2019-09-16,,,,,,,,,,,,
Edithe Dimitrov,Eshal Brandt,1,3,3,2,3,6,3.0,5.0,2.0,2.0,3.0,2.0,3.0,1.0,3.0,3.0,1.0,4.0,5.0,6.0,7.0,7.0,8.0,8.0,6.0,6.0,4.0,6.0,5.0,3.0,8.0,6.0,8.0,4.0,2.0,1.0,8.0,7.0,7.0,8.0,8.0,8.0,8.0,8.0,8.0,8.0,8.0,8.0,Engineering 24,2019-09-16,,,,,,,,,,,,
Demetrius Tunstall,Eshal Brandt,5,2,2,4,1,3,8.0,3.0,4.0,6.0,4.0,1.0,2.0,2.0,1.0,2.0,1.0,2.0,,,,,,,,,,,,,,,,,,,,,,,,,,,,,,,Engineering 24,2019-09-16,,,,,,,,,,,,
Chucho Galfour,Eshal Brandt,6,2,6,1,3,5,3.0,3.0,3.0,3.0,2.0,5.0,2.0,4.0,4.0,3.0,1.0,3.0,8.0,3.0,8.0,6.0,8.0,1.0,8.0,7.0,8.0,8.0,5.0,6.0,6.0,8.0,5.0,6.0,3.0,8.0,8.0,8.0,8.0,8.0,5.0,8.0,8.0,6.0,5.0,8.0,4.0,8.0,Engineering 24,2019-09-16,,,,,,,,,,,,
Mozelle Grinnov,Eshal Brandt,2,5,1,1,3,3,2.0,2.0,5.0,7.0,2.0,1.0,4.0,2.0,2.0,2.0,5.0,2.0,7.0,4.0,7.0,6.0,8.0,5.0,8.0,8.0,6.0,8.0,3.0,6.0,5.0,7.0,2.0,6.0,4.0,3.0,8.0,8.0,8.0,8.0,8.0,8.0,7.0,8.0,8.0,7.0,8.0,8.0,Engineering 24,2019-09-16,,,,,,,,,,,,
Roze Yepiskopov,Eshal Brandt,3,4,4,1,1,1,4.0,1.0,5.0,6.0,4.0,4.0,4.0,2.0,4.0,1.0,4.0,3.0,8.0,2.0,4.0,2.0,8.0,6.0,8.0,6.0,8.0,5.0,6.0,7.0,2.0,6.0,6.0,6.0,4.0,4.0,4.0,8.0,8.0,6.0,8.0,8.0,8.0,8.0,6.0,8.0,8.0,7.0,Engineering 24,2019-09-16,,,,,,,,,,,,
Denise Oppy,Eshal Brandt,1,7,4,4,2,5,2.0,1.0,4.0,2.0,2.0,2.0,6.0,4.0,3.0,2.0,3.0,3.0,6.0,8.0,7.0,8.0,4.0,7.0,8.0,7.0,6.0,4.0,3.0,2.0,5.0,5.0,6.0,4.0,5.0,4.0,8.0,8.0,8.0,8.0,4.0,7.0,5.0,7.0,8.0,6.0,8.0,8.0,Engineering 24,2019-09-16,,,,,,,,,,,,
Rafi Downse,Eshal Brandt,2,1,2,2,5,1,6.0,2.0,1.0,3.0,3.0,3.0,6.0,4.0,3.0,2.0,2.0,1.0,7.0,8.0,2.0,7.0,8.0,5.0,3.0,7.0,3.0,8.0,7.0,8.0,6.0,5.0,8.0,8.0,6.0,8.0,7.0,6.0,8.0,8.0,8.0,8.0,8.0,8.0,8.0,8.0,8.0,8.0,Engineering 24,2019-09-16,,,,,,,,,,,,
Camellia Bette,Eshal Brandt,2,4,4,1,2,2,1.0,3.0,3.0,1.0,3.0,2.0,6.0,3.0,2.0,2.0,8.0,1.0,7.0,3.0,1.0,6.0,4.0,3.0,5.0,4.0,4.0,3.0,3.0,6.0,8.0,7.0,3.0,5.0,3.0,3.0,7.0,8.0,4.0,5.0,8.0,8.0,8.0,8.0,8.0,8.0,8.0,4.0,Engineering 24,2019-09-16,,,,,,,,,,,,
Care Ife,Eshal Brandt,4,1,2,1,2,4,3.0,5.0,4.0,2.0,3.0,4.0,4.0,4.0,1.0,2.0,5.0,2.0,8.0,7.0,4.0,8.0,8.0,5.0,8.0,5.0,8.0,6.0,8.0,4.0,6.0,8.0,8.0,6.0,4.0,2.0,8.0,6.0,5.0,8.0,8.0,8.0,6.0,8.0,8.0,4.0,8.0,6.0,Engineering 24,2019-09-16,,,,,,,,,,,,
Vance Fey,Macey Broughton,6,1,6,4,8,5,1.0,1.0,1.0,3.0,3.0,2.0,,,,,,,,,,,,,,,,,,,,,,,,,,,,,,,,,,,,,Engineering 25,2019-09-23,,,,,,,,,,,,
Dulcine Duffil,Macey Broughton,3,1,4,5,2,3,3.0,2.0,2.0,2.0,2.0,5.0,4.0,1.0,1.0,4.0,3.0,7.0,8.0,4.0,2.0,8.0,7.0,3.0,6.0,5.0,4.0,8.0,7.0,5.0,7.0,5.0,8.0,8.0,5.0,7.0,6.0,8.0,6.0,6.0,8.0,8.0,8.0,4.0,8.0,8.0,5.0,8.0,Engineering 25,2019-09-23,6.0,8.0,8.0,6.0,8.0,8.0,8.0,8.0,8.0,8.0,6.0,8.0
Nona Coghlan,Macey Broughton,7,2,4,4,1,3,4.0,3.0,3.0,5.0,4.0,1.0,2.0,4.0,4.0,3.0,4.0,1.0,8.0,8.0,8.0,4.0,8.0,7.0,5.0,4.0,6.0,5.0,8.0,2.0,8.0,7.0,7.0,6.0,7.0,5.0,7.0,8.0,8.0,8.0,5.0,8.0,8.0,8.0,7.0,8.0,5.0,8.0,Engineering 25,2019-09-23,8.0,6.0,4.0,8.0,8.0,8.0,8.0,8.0,8.0,8.0,8.0,8.0
Dorette Landall,Macey Broughton,4,6,2,3,3,5,4.0,2.0,7.0,3.0,2.0,6.0,1.0,1.0,1.0,1.0,1.0,3.0,,,,,,,,,,,,,,,,,,,,,,,,,,,,,,,Engineering 25,2019-09-23,,,,,,,,,,,,
Valdemar Smithen,Macey Broughton,2,2,2,3,4,2,1.0,5.0,2.0,3.0,2.0,3.0,1.0,5.0,4.0,2.0,5.0,4.0,8.0,8.0,3.0,4.0,5.0,8.0,6.0,7.0,7.0,7.0,8.0,5.0,5.0,3.0,3.0,8.0,7.0,5.0,8.0,8.0,8.0,6.0,8.0,8.0,4.0,8.0,7.0,8.0,5.0,8.0,Engineering 25,2019-09-23,6.0,7.0,6.0,7.0,8.0,7.0,8.0,8.0,8.0,8.0,8.0,7.0
Norene Dericut,Macey Broughton,4,2,2,3,3,4,1.0,7.0,3.0,2.0,4.0,2.0,1.0,3.0,2.0,2.0,2.0,4.0,3.0,4.0,8.0,8.0,4.0,8.0,6.0,5.0,2.0,4.0,5.0,8.0,7.0,7.0,3.0,6.0,3.0,3.0,5.0,8.0,6.0,8.0,8.0,8.0,8.0,7.0,8.0,8.0,8.0,7.0,Engineering 25,2019-09-23,8.0,8.0,8.0,8.0,8.0,7.0,8.0,7.0,8.0,8.0,8.0,8.0
Jillian Wenn,Macey Broughton,4,4,3,2,2,2,3.0,4.0,2.0,3.0,5.0,6.0,3.0,5.0,3.0,3.0,6.0,5.0,8.0,4.0,6.0,8.0,8.0,4.0,4.0,8.0,8.0,6.0,8.0,8.0,7.0,5.0,8.0,4.0,2.0,8.0,5.0,8.0,8.0,8.0,8.0,7.0,8.0,8.0,8.0,8.0,8.0,8.0,Engineering 25,2019-09-23,7.0,8.0,8.0,8.0,5.0,6.0,8.0,8.0,8.0,8.0,8.0,8.0
Saraann Elcombe,Macey Broughton,1,3,3,3,4,5,3.0,2.0,1.0,1.0,3.0,1.0,,,,,,,,,,,,,,,,,,,,,,,,,,,,,,,,,,,,,Engineering 25,2019-09-23,,,,,,,,,,,,
Jenn Blitz,Mohammad Velazquez,5,2,2,1,7,3,3.0,5.0,2.0,5.0,4.0,4.0,4.0,3.0,4.0,3.0,3.0,1.0,4.0,3.0,2.0,5.0,5.0,7.0,2.0,6.0,8.0,5.0,5.0,8.0,3.0,8.0,6.0,8.0,8.0,6.0,7.0,8.0,8.0,8.0,8.0,6.0,8.0,8.0,8.0,8.0,7.0,8.0,Engineering 26,2019-10-28,,,,,,,,,,,,
Chandra Best,Mohammad Velazquez,4,6,6,6,2,3,2.0,1.0,2.0,4.0,1.0,3.0,1.0,6.0,2.0,5.0,2.0,2.0,8.0,4.0,5.0,7.0,6.0,7.0,8.0,7.0,6.0,5.0,6.0,4.0,4.0,5.0,4.0,8.0,6.0,5.0,8.0,7.0,7.0,8.0,8.0,6.0,8.0,8.0,8.0,6.0,7.0,8.0,Engineering 26,2019-10-28,,,,,,,,,,,,
Boniface Tansley,Mohammad Velazquez,1,4,3,1,2,5,4.0,4.0,3.0,4.0,1.0,2.0,3.0,7.0,3.0,2.0,4.0,1.0,8.0,4.0,2.0,5.0,2.0,8.0,5.0,6.0,5.0,7.0,4.0,1.0,6.0,4.0,8.0,5.0,5.0,5.0,8.0,5.0,8.0,8.0,8.0,8.0,8.0,8.0,8.0,8.0,8.0,8.0,Engineering 26,2019-10-28,,,,,,,,,,,,
Cristal Jeans,Mohammad Velazquez,8,4,1,3,1,5,2.0,4.0,3.0,2.0,2.0,4.0,5.0,6.0,1.0,2.0,4.0,2.0,8.0,4.0,7.0,8.0,5.0,6.0,4.0,8.0,8.0,7.0,6.0,6.0,8.0,7.0,5.0,7.0,8.0,8.0,7.0,8.0,7.0,8.0,8.0,8.0,8.0,8.0,6.0,6.0,8.0,8.0,Engineering 26,2019-10-28,,,,,,,,,,,,
Urson Sibthorp,Mohammad Velazquez,4,3,1,1,3,3,4.0,2.0,1.0,1.0,1.0,2.0,,,,,,,,,,,,,,,,,,,,,,,,,,,,,,,,,,,,,Engineering 26,2019-10-28,,,,,,,,,,,,
Vernon Bennough,Mohammad Velazquez,4,3,2,1,4,3,2.0,4.0,5.0,1.0,1.0,1.0,2.0,2.0,2.0,2.0,4.0,3.0,8.0,4.0,4.0,6.0,7.0,8.0,8.0,7.0,3.0,7.0,4.0,2.0,5.0,6.0,6.0,2.0,8.0,3.0,6.0,5.0,8.0,8.0,8.0,6.0,8.0,8.0,8.0,8.0,5.0,6.0,Engineering 26,2019-10-28,,,,,,,,,,,,
Payton Turbard,Mohammad Velazquez,4,2,5,2,4,2,4.0,5.0,4.0,3.0,4.0,3.0,1.0,6.0,1.0,3.0,3.0,1.0,2.0,6.0,4.0,4.0,6.0,8.0,7.0,7.0,5.0,6.0,7.0,3.0,6.0,3.0,8.0,6.0,7.0,8.0,8.0,8.0,8.0,8.0,8.0,8.0,6.0,8.0,8.0,8.0,8.0,8.0,Engineering 26,2019-10-28,,,,,,,,,,,,
Lilly Andreasen,Mohammad Velazquez,2,4,2,2,1,7,2.0,3.0,4.0,1.0,3.0,5.0,1.0,3.0,3.0,2.0,4.0,3.0,8.0,5.0,7.0,8.0,8.0,7.0,6.0,5.0,5.0,5.0,8.0,4.0,3.0,8.0,3.0,7.0,3.0,4.0,8.0,8.0,8.0,8.0,8.0,8.0,8.0,8.0,8.0,8.0,8.0,8.0,Engineering 26,2019-10-28,,,,,,,,,,,,
Dixie O' Flaherty,Mohammad Velazquez,3,1,2,4,2,1,2.0,2.0,7.0,2.0,3.0,4.0,1.0,3.0,4.0,2.0,6.0,2.0,8.0,3.0,4.0,8.0,7.0,7.0,6.0,6.0,3.0,3.0,7.0,5.0,4.0,4.0,3.0,2.0,7.0,5.0,8.0,8.0,8.0,5.0,8.0,8.0,8.0,8.0,8.0,6.0,8.0,8.0,Engineering 26,2019-10-28,,,,,,,,,,,,
Engelbert Palatino,Mohammad Velazquez,3,4,3,1,2,5,6.0,3.0,1.0,1.0,3.0,1.0,5.0,3.0,2.0,2.0,8.0,2.0,6.0,8.0,5.0,8.0,8.0,7.0,5.0,7.0,7.0,5.0,6.0,5.0,8.0,6.0,8.0,1.0,3.0,6.0,8.0,7.0,6.0,8.0,8.0,7.0,8.0,8.0,8.0,8.0,8.0,8.0,Engineering 26,2019-10-28,,,,,,,,,,,,
Dudley Whiles,Mohammad Velazquez,3,2,2,3,2,1,3.0,1.0,3.0,2.0,1.0,3.0,6.0,2.0,2.0,4.0,4.0,3.0,8.0,6.0,7.0,8.0,6.0,4.0,8.0,7.0,6.0,3.0,2.0,4.0,6.0,6.0,8.0,3.0,8.0,4.0,8.0,8.0,7.0,8.0,8.0,8.0,8.0,8.0,8.0,8.0,8.0,8.0,Engineering 26,2019-10-28,,,,,,,,,,,,
Tory Aireton,Macey Broughton,3,4,2,4,1,2,3.0,1.0,2.0,4.0,3.0,4.0,7.0,2.0,3.0,3.0,4.0,2.0,5.0,7.0,7.0,8.0,6.0,6.0,8.0,5.0,5.0,7.0,6.0,4.0,6.0,4.0,6.0,8.0,6.0,3.0,7.0,7.0,7.0,8.0,7.0,8.0,8.0,8.0,8.0,8.0,8.0,7.0,Engineering 27,2019-11-25,8.0,8.0,8.0,7.0,3.0,8.0,8.0,8.0,8.0,8.0,8.0,8.0
Kelly Coneybeer,Macey Broughton,2,2,5,3,1,5,2.0,2.0,3.0,1.0,2.0,4.0,3.0,4.0,5.0,4.0,6.0,1.0,6.0,6.0,6.0,2.0,4.0,4.0,6.0,5.0,8.0,8.0,4.0,6.0,8.0,8.0,5.0,5.0,5.0,8.0,8.0,5.0,8.0,8.0,8.0,8.0,8.0,8.0,5.0,8.0,8.0,8.0,Engineering 27,2019-11-25,3.0,5.0,7.0,8.0,3.0,8.0,8.0,8.0,7.0,8.0,8.0,8.0
Mic Wilshire,Macey Broughton,4,4,5,7,3,4,1.0,3.0,4.0,1.0,2.0,3.0,3.0,1.0,4.0,1.0,3.0,2.0,7.0,6.0,8.0,3.0,4.0,1.0,5.0,2.0,3.0,4.0,5.0,1.0,8.0,8.0,4.0,3.0,7.0,8.0,8.0,8.0,8.0,6.0,8.0,8.0,8.0,4.0,8.0,8.0,8.0,8.0,Engineering 27,2019-11-25,7.0,8.0,8.0,8.0,8.0,8.0,8.0,8.0,8.0,8.0,6.0,8.0
Florella Boays,Macey Broughton,1,6,1,2,4,1,3.0,4.0,1.0,2.0,7.0,1.0,5.0,2.0,1.0,2.0,2.0,2.0,5.0,8.0,6.0,8.0,5.0,6.0,8.0,6.0,8.0,7.0,4.0,3.0,8.0,7.0,6.0,2.0,5.0,6.0,5.0,8.0,8.0,4.0,8.0,8.0,8.0,8.0,5.0,8.0,8.0,8.0,Engineering 27,2019-11-25,8.0,3.0,8.0,8.0,8.0,8.0,8.0,8.0,8.0,8.0,8.0,8.0
Marshal Darycott,Macey Broughton,5,2,2,1,1,6,2.0,5.0,1.0,2.0,1.0,7.0,2.0,2.0,4.0,3.0,2.0,3.0,6.0,8.0,8.0,6.0,8.0,4.0,8.0,3.0,6.0,5.0,8.0,7.0,4.0,6.0,6.0,6.0,2.0,5.0,5.0,7.0,7.0,8.0,4.0,6.0,8.0,8.0,8.0,8.0,6.0,4.0,Engineering 27,2019-11-25,4.0,8.0,8.0,6.0,8.0,8.0,8.0,8.0,8.0,8.0,8.0,8.0
Elva Boldero,Macey Broughton,7,2,4,1,3,5,8.0,4.0,2.0,4.0,6.0,5.0,3.0,1.0,1.0,2.0,3.0,5.0,6.0,2.0,8.0,7.0,8.0,8.0,8.0,5.0,6.0,3.0,8.0,4.0,7.0,5.0,4.0,5.0,6.0,5.0,6.0,8.0,8.0,8.0,8.0,8.0,8.0,7.0,8.0,8.0,8.0,8.0,Engineering 27,2019-11-25,8.0,8.0,8.0,8.0,6.0,8.0,8.0,8.0,8.0,8.0,8.0,8.0
Archibold Spikeings,Macey Broughton,4,1,4,1,4,3,5.0,6.0,4.0,7.0,2.0,5.0,3.0,1.0,3.0,1.0,2.0,4.0,8.0,7.0,5.0,4.0,5.0,2.0,8.0,6.0,8.0,6.0,8.0,8.0,8.0,8.0,8.0,8.0,6.0,2.0,4.0,8.0,6.0,5.0,8.0,8.0,7.0,8.0,8.0,8.0,8.0,6.0,Engineering 27,2019-11-25,7.0,5.0,7.0,8.0,8.0,8.0,8.0,8.0,8.0,8.0,8.0,8.0
Anatole Burston,Macey Broughton,2,4,1,2,2,5,1.0,6.0,3.0,1.0,4.0,3.0,5.0,2.0,3.0,3.0,3.0,1.0,7.0,8.0,8.0,5.0,3.0,8.0,8.0,8.0,7.0,8.0,8.0,7.0,4.0,2.0,8.0,8.0,5.0,7.0,8.0,8.0,6.0,8.0,8.0,8.0,7.0,8.0,8.0,8.0,8.0,8.0,Engineering 27,2019-11-25,8.0,8.0,8.0,8.0,8.0,8.0,8.0,8.0,8.0,8.0,8.0,8.0
Gabbey Caesman,Macey Broughton,3,4,1,8,2,4,3.0,4.0,4.0,4.0,7.0,8.0,1.0,4.0,3.0,7.0,4.0,3.0,3.0,7.0,8.0,8.0,7.0,8.0,7.0,8.0,3.0,5.0,3.0,8.0,6.0,8.0,4.0,5.0,5.0,4.0,8.0,8.0,8.0,8.0,7.0,8.0,8.0,8.0,8.0,7.0,8.0,8.0,Engineering 27,2019-11-25,7.0,8.0,8.0,8.0,8.0,6.0,8.0,8.0,8.0,8.0,7.0,8.0
Conny Samms,Mohammad Velazquez,1,4,1,4,3,5,1.0,4.0,2.0,1.0,2.0,4.0,2.0,1.0,1.0,3.0,2.0,1.0,,,,,,,,,,,,,,,,,,,,,,,,,,,,,,,Engineering 28,2019-12-16,,,,,,,,,,,,
Karyn Huortic,Mohammad Velazquez,4,4,1,3,4,2,3.0,2.0,4.0,8.0,2.0,5.0,4.0,5.0,4.0,1.0,2.0,2.0,6.0,5.0,8.0,3.0,2.0,4.0,8.0,4.0,2.0,8.0,8.0,8.0,7.0,3.0,3.0,7.0,3.0,1.0,8.0,8.0,8.0,8.0,6.0,7.0,5.0,8.0,6.0,8.0,8.0,8.0,Engineering 28,2019-12-16,,,,,,,,,,,,
Giacopo Kyndred,Mohammad Velazquez,1,1,2,3,2,2,,,,,,,,,,,,,,,,,,,,,,,,,,,,,,,,,,,,,,,,,,,Engineering 28,2019-12-16,,,,,,,,,,,,
Fin Lung,Mohammad Velazquez,1,2,5,2,4,2,2.0,1.0,5.0,1.0,1.0,1.0,,,,,,,,,,,,,,,,,,,,,,,,,,,,,,,,,,,,,Engineering 28,2019-12-16,,,,,,,,,,,,
Marja Morfield,Mohammad Velazquez,3,5,2,5,1,3,2.0,1.0,3.0,1.0,2.0,8.0,3.0,4.0,3.0,4.0,2.0,1.0,8.0,6.0,3.0,8.0,5.0,8.0,8.0,8.0,8.0,6.0,4.0,4.0,8.0,6.0,8.0,8.0,6.0,7.0,8.0,6.0,8.0,8.0,8.0,6.0,8.0,7.0,6.0,8.0,4.0,8.0,Engineering 28,2019-12-16,,,,,,,,,,,,
Gussy Stoving,Mohammad Velazquez,1,3,1,4,3,1,5.0,5.0,4.0,3.0,1.0,5.0,1.0,4.0,5.0,2.0,3.0,1.0,4.0,8.0,4.0,6.0,5.0,6.0,5.0,4.0,3.0,5.0,5.0,8.0,4.0,8.0,7.0,6.0,6.0,8.0,8.0,8.0,8.0,8.0,8.0,8.0,8.0,8.0,8.0,8.0,8.0,6.0,Engineering 28,2019-12-16,,,,,,,,,,,,
Leena Joselevitch,Mohammad Velazquez,3,3,5,7,4,1,1.0,3.0,2.0,5.0,1.0,2.0,6.0,7.0,1.0,4.0,5.0,1.0,7.0,8.0,6.0,8.0,7.0,4.0,8.0,8.0,4.0,6.0,5.0,7.0,8.0,5.0,4.0,2.0,7.0,5.0,7.0,5.0,8.0,8.0,8.0,3.0,8.0,8.0,8.0,8.0,8.0,8.0,Engineering 28,2019-12-16,,,,,,,,,,,,
Lazare Nellies,Mohammad Velazquez,2,2,4,2,5,1,4.0,6.0,1.0,2.0,5.0,3.0,2.0,2.0,3.0,3.0,3.0,3.0,7.0,6.0,8.0,8.0,2.0,8.0,7.0,8.0,8.0,8.0,5.0,8.0,8.0,7.0,8.0,8.0,3.0,8.0,8.0,6.0,5.0,8.0,8.0,8.0,8.0,7.0,6.0,7.0,7.0,8.0,Engineering 28,2019-12-16,,,,,,,,,,,,
Flore Masden,Mohammad Velazquez,2,4,3,1,3,4,5.0,2.0,3.0,2.0,3.0,1.0,2.0,3.0,1.0,2.0,1.0,2.0,,,,,,,,,,,,,,,,,,,,,,,,,,,,,,,Engineering 29,2019-12-30,,,,,,,,,,,,
Benita Downgate,Mohammad Velazquez,1,1,3,1,1,1,,,,,,,,,,,,,,,,,,,,,,,,,,,,,,,,,,,,,,,,,,,Engineering 29,2019-12-30,,,,,,,,,,,,
Clark Kovacs,Mohammad Velazquez,1,1,3,2,2,6,4.0,2.0,3.0,6.0,1.0,3.0,1.0,2.0,4.0,4.0,4.0,4.0,6.0,8.0,4.0,8.0,8.0,4.0,7.0,8.0,5.0,4.0,8.0,8.0,4.0,7.0,8.0,4.0,6.0,4.0,7.0,8.0,8.0,8.0,8.0,8.0,8.0,8.0,8.0,8.0,4.0,8.0,Engineering 29,2019-12-30,,,,,,,,,,,,
Horten Koomar,Mohammad Velazquez,4,2,1,3,2,3,4.0,3.0,1.0,2.0,3.0,3.0,3.0,1.0,5.0,1.0,4.0,5.0,8.0,4.0,5.0,3.0,6.0,5.0,8.0,8.0,7.0,3.0,8.0,5.0,6.0,6.0,6.0,6.0,5.0,7.0,8.0,8.0,8.0,6.0,8.0,8.0,8.0,8.0,8.0,8.0,6.0,8.0,Engineering 29,2019-12-30,,,,,,,,,,,,
Moritz Mosedall,Mohammad Velazquez,1,1,5,1,2,6,5.0,3.0,3.0,3.0,2.0,2.0,3.0,2.0,2.0,3.0,6.0,1.0,8.0,6.0,8.0,5.0,5.0,3.0,6.0,8.0,7.0,7.0,4.0,2.0,7.0,4.0,5.0,7.0,7.0,7.0,6.0,8.0,8.0,7.0,8.0,5.0,4.0,8.0,7.0,8.0,8.0,8.0,Engineering 29,2019-12-30,,,,,,,,,,,,
Chaim Inseal,Mohammad Velazquez,1,3,3,4,1,2,3.0,3.0,5.0,5.0,7.0,1.0,5.0,5.0,1.0,1.0,3.0,3.0,7.0,6.0,5.0,7.0,8.0,8.0,2.0,6.0,6.0,8.0,8.0,4.0,2.0,5.0,4.0,8.0,4.0,6.0,6.0,6.0,8.0,8.0,8.0,8.0,7.0,8.0,5.0,8.0,8.0,8.0,Engineering 29,2019-12-30,,,,,,,,,,,,
Gertruda Syddie,Mohammad Velazquez,3,1,2,8,1,4,2.0,4.0,3.0,1.0,3.0,1.0,6.0,2.0,1.0,2.0,3.0,8.0,6.0,8.0,3.0,5.0,8.0,5.0,8.0,4.0,6.0,2.0,3.0,2.0,6.0,8.0,6.0,8.0,7.0,8.0,8.0,3.0,8.0,8.0,4.0,8.0,8.0,8.0,8.0,8.0,8.0,5.0,Engineering 29,2019-12-30,,,,,,,,,,,,
Thom Derwin,Mohammad Velazquez,3,7,3,3,3,1,2.0,7.0,2.0,3.0,4.0,1.0,1.0,3.0,1.0,2.0,6.0,5.0,4.0,4.0,5.0,3.0,6.0,8.0,4.0,3.0,8.0,3.0,8.0,5.0,5.0,3.0,5.0,6.0,7.0,7.0,8.0,8.0,8.0,8.0,8.0,8.0,8.0,4.0,6.0,8.0,8.0,8.0,Engineering 29,2019-12-30,,,,,,,,,,,,
Godfry Sephton,Mohammad Velazquez,4,2,5,1,1,2,4.0,1.0,1.0,3.0,2.0,5.0,3.0,4.0,1.0,5.0,5.0,3.0,8.0,6.0,5.0,8.0,3.0,8.0,5.0,5.0,5.0,7.0,5.0,4.0,1.0,5.0,4.0,8.0,6.0,8.0,8.0,6.0,8.0,8.0,6.0,8.0,8.0,8.0,8.0,6.0,6.0,8.0,Engineering 29,2019-12-30,,,,,,,,,,,,
